granos_de_polen_x_metro_cubico,fecha
0.0,2014-01-01
0.0,2014-01-02
0.0,2014-01-03
1.0,2014-01-04
0.0,2014-01-05
0.0,2014-01-06
0.0,2014-01-07
0.0,2014-01-08
1.0,2014-01-09
0.0,2014-01-10
0.0,2014-01-11
0.0,2014-01-12
3.0,2014-01-13
1.0,2014-01-14
3.0,2014-01-15
4.0,2014-01-16
2.0,2014-01-17
0.0,2014-01-18
1.0,2014-01-19
1.0,2014-01-20
1.0,2014-01-21
0.0,2014-01-22
0.0,2014-01-23
0.0,2014-01-24
0.0,2014-01-25
6.0,2014-01-26
4.0,2014-01-27
4.0,2014-01-28
1.0,2014-01-29
0.0,2014-01-30
4.0,2014-01-31
2.0,2014-02-01
6.0,2014-02-02
0.0,2014-02-03
0.0,2014-02-04
3.0,2014-02-05
2.0,2014-02-06
3.0,2014-02-07
1.0,2014-02-08
0.0,2014-02-09
3.0,2014-02-10
0.0,2014-02-11
0.0,2014-02-12
5.0,2014-02-13
2.0,2014-02-14
0.0,2014-02-15
3.0,2014-02-16
3.0,2014-02-17
3.0,2014-02-18
6.0,2014-02-19
3.0,2014-02-20
0.0,2014-02-21
4.0,2014-02-22
1.0,2014-02-23
4.0,2014-02-24
3.0,2014-02-25
6.0,2014-02-26
6.0,2014-02-27
7.0,2014-02-28
1.0,2014-03-01
1.0,2014-03-02
3.0,2014-03-03
0.0,2014-03-04
3.0,2014-03-05
4.0,2014-03-06
0.0,2014-03-07
2.0,2014-03-08
2.0,2014-03-09
5.0,2014-03-10
4.0,2014-03-11
3.0,2014-03-12
4.0,2014-03-13
1.0,2014-03-14
2.0,2014-03-15
6.0,2014-03-16
,2014-03-17
,2014-03-18
,2014-03-19
,2014-03-20
,2014-03-21
,2014-03-22
,2014-03-23
2.0,2014-03-24
2.0,2014-03-25
0.0,2014-03-26
2.0,2014-03-27
0.0,2014-03-28
0.0,2014-03-29
1.0,2014-03-30
2.0,2014-03-31
0.0,2014-04-01
1.0,2014-04-02
1.0,2014-04-03
4.0,2014-04-04
3.0,2014-04-05
3.0,2014-04-06
2.0,2014-04-07
5.0,2014-04-08
4.0,2014-04-09
,2014-04-10
,2014-04-11
,2014-04-12
,2014-04-13
,2014-04-14
,2014-04-15
,2014-04-16
,2014-04-17
,2014-04-18
,2014-04-19
11.0,2014-04-20
1.0,2014-04-21
9.0,2014-04-22
7.0,2014-04-23
6.0,2014-04-24
5.0,2014-04-25
7.0,2014-04-26
12.0,2014-04-27
13.0,2014-04-28
13.0,2014-04-29
,2014-04-30
,2014-05-01
,2014-05-02
,2014-05-03
19.0,2014-05-04
87.0,2014-05-05
299.0,2014-05-06
180.0,2014-05-07
124.0,2014-05-08
,2014-05-09
,2014-05-10
58.0,2014-05-11
163.0,2014-05-12
74.0,2014-05-13
58.0,2014-05-14
50.0,2014-05-15
68.0,2014-05-16
85.0,2014-05-17
133.0,2014-05-18
461.0,2014-05-19
120.0,2014-05-20
16.0,2014-05-21
31.0,2014-05-22
46.0,2014-05-23
53.0,2014-05-24
109.0,2014-05-25
37.0,2014-05-26
66.0,2014-05-27
,2014-05-28
,2014-05-29
,2014-05-30
13.0,2014-05-31
26.0,2014-06-01
32.0,2014-06-02
32.0,2014-06-03
65.0,2014-06-04
93.0,2014-06-05
74.0,2014-06-06
48.0,2014-06-07
28.0,2014-06-08
,2014-06-09
,2014-06-10
18.0,2014-06-11
18.0,2014-06-12
11.0,2014-06-13
43.0,2014-06-14
40.0,2014-06-15
26.0,2014-06-16
22.0,2014-06-17
33.0,2014-06-18
22.0,2014-06-19
21.0,2014-06-20
24.0,2014-06-21
14.0,2014-06-22
23.0,2014-06-23
2.0,2014-06-24
4.0,2014-06-25
22.0,2014-06-26
19.0,2014-06-27
47.0,2014-06-28
11.0,2014-06-29
10.0,2014-06-30
,2014-07-01
,2014-07-02
,2014-07-03
,2014-07-04
,2014-07-05
,2014-07-06
,2014-07-07
,2014-07-08
,2014-07-09
,2014-07-10
,2014-07-11
,2014-07-12
,2014-07-13
,2014-07-14
,2014-07-15
,2014-07-16
,2014-07-17
,2014-07-18
,2014-07-19
,2014-07-20
,2014-07-21
,2014-07-22
,2014-07-23
,2014-07-24
,2014-07-25
,2014-07-26
,2014-07-27
,2014-07-28
,2014-07-29
,2014-07-30
,2014-07-31
,2014-08-01
,2014-08-02
,2014-08-03
4.0,2014-08-04
2.0,2014-08-05
4.0,2014-08-06
4.0,2014-08-07
6.0,2014-08-08
6.0,2014-08-09
9.0,2014-08-10
4.0,2014-08-11
2.0,2014-08-12
7.0,2014-08-13
3.0,2014-08-14
3.0,2014-08-15
5.0,2014-08-16
0.0,2014-08-17
2.0,2014-08-18
1.0,2014-08-19
1.0,2014-08-20
1.0,2014-08-21
1.0,2014-08-22
1.0,2014-08-23
1.0,2014-08-24
0.0,2014-08-25
1.0,2014-08-26
2.0,2014-08-27
4.0,2014-08-28
3.0,2014-08-29
7.0,2014-08-30
5.0,2014-08-31
3.0,2014-09-01
5.0,2014-09-02
2.0,2014-09-03
1.0,2014-09-04
1.0,2014-09-05
3.0,2014-09-06
2.0,2014-09-07
0.0,2014-09-08
1.0,2014-09-09
3.0,2014-09-10
2.0,2014-09-11
0.0,2014-09-12
2.0,2014-09-13
2.0,2014-09-14
2.0,2014-09-15
1.0,2014-09-16
0.0,2014-09-17
1.0,2014-09-18
2.0,2014-09-19
2.0,2014-09-20
1.0,2014-09-21
1.0,2014-09-22
0.0,2014-09-23
0.0,2014-09-24
0.0,2014-09-25
1.0,2014-09-26
1.0,2014-09-27
1.0,2014-09-28
0.0,2014-09-29
0.0,2014-09-30
1.0,2014-10-01
0.0,2014-10-02
1.0,2014-10-03
0.0,2014-10-04
1.0,2014-10-05
0.0,2014-10-06
3.0,2014-10-07
2.0,2014-10-08
0.0,2014-10-09
0.0,2014-10-10
2.0,2014-10-11
0.0,2014-10-12
2.0,2014-10-13
0.0,2014-10-14
1.0,2014-10-15
0.0,2014-10-16
4.0,2014-10-17
1.0,2014-10-18
1.0,2014-10-19
0.0,2014-10-20
1.0,2014-10-21
1.0,2014-10-22
0.0,2014-10-23
1.0,2014-10-24
0.0,2014-10-25
0.0,2014-10-26
1.0,2014-10-27
1.0,2014-10-28
,2014-10-29
0.0,2014-10-30
2.0,2014-10-31
0.0,2014-11-01
0.0,2014-11-02
1.0,2014-11-03
1.0,2014-11-04
0.0,2014-11-05
1.0,2014-11-06
,2014-11-07
,2014-11-08
,2014-11-09
,2014-11-10
,2014-11-11
,2014-11-12
,2014-11-13
,2014-11-14
,2014-11-15
,2014-11-16
,2014-11-17
,2014-11-18
,2014-11-19
,2014-11-20
,2014-11-21
2.0,2014-11-22
1.0,2014-11-23
1.0,2014-11-24
0.0,2014-11-25
1.0,2014-11-26
0.0,2014-11-27
0.0,2014-11-28
0.0,2014-11-29
1.0,2014-11-30
1.0,2014-12-01
2.0,2014-12-02
0.0,2014-12-03
2.0,2014-12-04
0.0,2014-12-05
0.0,2014-12-06
0.0,2014-12-07
0.0,2014-12-08
0.0,2014-12-09
1.0,2014-12-10
0.0,2014-12-11
0.0,2014-12-12
1.0,2014-12-13
0.0,2014-12-14
,2014-12-15
,2014-12-16
,2014-12-17
,2014-12-18
,2014-12-19
,2014-12-20
,2014-12-21
,2014-12-22
,2014-12-23
,2014-12-24
,2014-12-25
,2014-12-26
,2014-12-27
,2014-12-28
0.0,2014-12-29
1.0,2014-12-30
0.0,2014-12-31
1.0,2015-01-01
0.0,2015-01-02
0.0,2015-01-03
0.0,2015-01-04
2.0,2015-01-05
8.0,2015-01-06
2.0,2015-01-07
1.0,2015-01-08
2.0,2015-01-09
2.0,2015-01-10
2.0,2015-01-11
5.0,2015-01-12
4.0,2015-01-13
1.0,2015-01-14
2.0,2015-01-15
4.0,2015-01-16
0.0,2015-01-17
1.0,2015-01-18
1.0,2015-01-19
0.0,2015-01-20
0.0,2015-01-21
0.0,2015-01-22
0.0,2015-01-23
0.0,2015-01-24
2.0,2015-01-25
1.0,2015-01-26
0.0,2015-01-27
2.0,2015-01-28
11.0,2015-01-29
7.0,2015-01-30
0.0,2015-01-31
6.0,2015-02-01
0.0,2015-02-02
0.0,2015-02-03
0.0,2015-02-04
1.0,2015-02-05
0.0,2015-02-06
0.0,2015-02-07
0.0,2015-02-08
0.0,2015-02-09
0.0,2015-02-10
0.0,2015-02-11
0.0,2015-02-12
0.0,2015-02-13
0.0,2015-02-14
0.0,2015-02-15
0.0,2015-02-16
2.0,2015-02-17
1.0,2015-02-18
0.0,2015-02-19
2.0,2015-02-20
4.0,2015-02-21
1.0,2015-02-22
7.0,2015-02-23
1.0,2015-02-24
0.0,2015-02-25
2.0,2015-02-26
5.0,2015-02-27
3.0,2015-02-28
1.0,2015-03-01
10.0,2015-03-02
5.0,2015-03-03
3.0,2015-03-04
0.0,2015-03-05
3.0,2015-03-06
10.0,2015-03-07
2.0,2015-03-08
8.0,2015-03-09
4.0,2015-03-10
7.0,2015-03-11
8.0,2015-03-12
12.0,2015-03-13
1.0,2015-03-14
1.0,2015-03-15
1.0,2015-03-16
1.0,2015-03-17
1.0,2015-03-18
0.0,2015-03-19
0.0,2015-03-20
0.0,2015-03-21
0.0,2015-03-22
1.0,2015-03-23
0.0,2015-03-24
2.0,2015-03-25
0.0,2015-03-26
0.0,2015-03-27
0.0,2015-03-28
4.0,2015-03-29
3.0,2015-03-30
4.0,2015-03-31
,2015-04-01
,2015-04-02
,2015-04-03
,2015-04-04
,2015-04-05
,2015-04-06
2.0,2015-04-07
1.0,2015-04-08
1.0,2015-04-09
0.0,2015-04-10
1.0,2015-04-11
2.0,2015-04-12
6.0,2015-04-13
1.0,2015-04-14
4.0,2015-04-15
0.0,2015-04-16
3.0,2015-04-17
14.0,2015-04-18
5.0,2015-04-19
6.0,2015-04-20
14.0,2015-04-21
17.0,2015-04-22
13.0,2015-04-23
16.0,2015-04-24
6.0,2015-04-25
0.0,2015-04-26
4.0,2015-04-27
12.0,2015-04-28
43.0,2015-04-29
12.0,2015-04-30
18.0,2015-05-01
61.0,2015-05-02
38.0,2015-05-03
87.0,2015-05-04
47.0,2015-05-05
56.0,2015-05-06
162.0,2015-05-07
248.0,2015-05-08
57.0,2015-05-09
58.0,2015-05-10
125.0,2015-05-11
115.0,2015-05-12
84.0,2015-05-13
240.0,2015-05-14
87.0,2015-05-15
73.0,2015-05-16
44.0,2015-05-17
128.0,2015-05-18
120.0,2015-05-19
14.0,2015-05-20
38.0,2015-05-21
36.0,2015-05-22
28.0,2015-05-23
52.0,2015-05-24
65.0,2015-05-25
68.0,2015-05-26
52.0,2015-05-27
54.0,2015-05-28
108.0,2015-05-29
52.0,2015-05-30
56.0,2015-05-31
56.0,2015-06-01
46.0,2015-06-02
48.0,2015-06-03
19.0,2015-06-04
34.0,2015-06-05
53.0,2015-06-06
31.0,2015-06-07
25.0,2015-06-08
58.0,2015-06-09
18.0,2015-06-10
15.0,2015-06-11
21.0,2015-06-12
37.0,2015-06-13
12.0,2015-06-14
5.0,2015-06-15
15.0,2015-06-16
27.0,2015-06-17
22.0,2015-06-18
29.0,2015-06-19
10.0,2015-06-20
23.0,2015-06-21
25.0,2015-06-22
19.0,2015-06-23
8.0,2015-06-24
9.0,2015-06-25
18.0,2015-06-26
12.0,2015-06-27
14.0,2015-06-28
20.0,2015-06-29
19.0,2015-06-30
28.0,2015-07-01
18.0,2015-07-02
21.0,2015-07-03
26.0,2015-07-04
22.0,2015-07-05
10.0,2015-07-06
16.0,2015-07-07
25.0,2015-07-08
26.0,2015-07-09
18.0,2015-07-10
35.0,2015-07-11
,2015-07-12
,2015-07-13
11.0,2015-07-14
9.0,2015-07-15
19.0,2015-07-16
12.0,2015-07-17
20.0,2015-07-18
14.0,2015-07-19
5.0,2015-07-20
11.0,2015-07-21
8.0,2015-07-22
4.0,2015-07-23
6.0,2015-07-24
4.0,2015-07-25
5.0,2015-07-26
3.0,2015-07-27
3.0,2015-07-28
6.0,2015-07-29
2.0,2015-07-30
5.0,2015-07-31
1.0,2015-08-01
3.0,2015-08-02
0.0,2015-08-03
,2015-08-04
,2015-08-05
,2015-08-06
,2015-08-07
,2015-08-08
,2015-08-09
2.0,2015-08-10
2.0,2015-08-11
1.0,2015-08-12
5.0,2015-08-13
4.0,2015-08-14
4.0,2015-08-15
2.0,2015-08-16
0.0,2015-08-17
1.0,2015-08-18
5.0,2015-08-19
0.0,2015-08-20
1.0,2015-08-21
10.0,2015-08-22
2.0,2015-08-23
2.0,2015-08-24
0.0,2015-08-25
2.0,2015-08-26
3.0,2015-08-27
2.0,2015-08-28
5.0,2015-08-29
7.0,2015-08-30
2.0,2015-08-31
6.0,2015-09-01
6.0,2015-09-02
3.0,2015-09-03
2.0,2015-09-04
0.0,2015-09-05
1.0,2015-09-06
1.0,2015-09-07
0.0,2015-09-08
4.0,2015-09-09
0.0,2015-09-10
1.0,2015-09-11
5.0,2015-09-12
10.0,2015-09-13
0.0,2015-09-14
2.0,2015-09-15
3.0,2015-09-16
2.0,2015-09-17
0.0,2015-09-18
1.0,2015-09-19
1.0,2015-09-20
2.0,2015-09-21
0.0,2015-09-22
2.0,2015-09-23
0.0,2015-09-24
0.0,2015-09-25
0.0,2015-09-26
2.0,2015-09-27
1.0,2015-09-28
3.0,2015-09-29
1.0,2015-09-30
2.0,2015-10-01
1.0,2015-10-02
1.0,2015-10-03
1.0,2015-10-04
1.0,2015-10-05
2.0,2015-10-06
1.0,2015-10-07
0.0,2015-10-08
0.0,2015-10-09
1.0,2015-10-10
0.0,2015-10-11
0.0,2015-10-12
0.0,2015-10-13
0.0,2015-10-14
0.0,2015-10-15
0.0,2015-10-16
2.0,2015-10-17
0.0,2015-10-18
2.0,2015-10-19
0.0,2015-10-20
0.0,2015-10-21
0.0,2015-10-22
0.0,2015-10-23
2.0,2015-10-24
0.0,2015-10-25
0.0,2015-10-26
1.0,2015-10-27
0.0,2015-10-28
0.0,2015-10-29
1.0,2015-10-30
0.0,2015-10-31
0.0,2015-11-01
1.0,2015-11-02
0.0,2015-11-03
0.0,2015-11-04
0.0,2015-11-05
0.0,2015-11-06
0.0,2015-11-07
0.0,2015-11-08
0.0,2015-11-09
0.0,2015-11-10
0.0,2015-11-11
0.0,2015-11-12
0.0,2015-11-13
0.0,2015-11-14
0.0,2015-11-15
0.0,2015-11-16
0.0,2015-11-17
0.0,2015-11-18
1.0,2015-11-19
1.0,2015-11-20
3.0,2015-11-21
1.0,2015-11-22
0.0,2015-11-23
0.0,2015-11-24
1.0,2015-11-25
1.0,2015-11-26
1.0,2015-11-27
1.0,2015-11-28
0.0,2015-11-29
0.0,2015-11-30
1.0,2015-12-01
1.0,2015-12-02
1.0,2015-12-03
0.0,2015-12-04
,2015-12-05
,2015-12-06
0.0,2015-12-07
0.0,2015-12-08
1.0,2015-12-09
0.0,2015-12-10
0.0,2015-12-11
0.0,2015-12-12
0.0,2015-12-13
0.0,2015-12-14
2.0,2015-12-15
0.0,2015-12-16
0.0,2015-12-17
0.0,2015-12-18
2.0,2015-12-19
0.0,2015-12-20
0.0,2015-12-21
0.0,2015-12-22
0.0,2015-12-23
0.0,2015-12-24
,2015-12-25
,2015-12-26
,2015-12-27
,2015-12-28
0.0,2015-12-29
4.0,2015-12-30
1.0,2015-12-31
1.0,2016-01-01
0.0,2016-01-02
1.0,2016-01-03
1.0,2016-01-04
0.0,2016-01-05
0.0,2016-01-06
0.0,2016-01-07
1.0,2016-01-08
2.0,2016-01-09
1.0,2016-01-10
4.0,2016-01-11
2.0,2016-01-12
1.0,2016-01-13
0.0,2016-01-14
0.0,2016-01-15
0.0,2016-01-16
0.0,2016-01-17
2.0,2016-01-18
1.0,2016-01-19
1.0,2016-01-20
3.0,2016-01-21
2.0,2016-01-22
1.0,2016-01-23
0.0,2016-01-24
1.0,2016-01-25
0.0,2016-01-26
2.0,2016-01-27
2.0,2016-01-28
0.0,2016-01-29
0.0,2016-01-30
7.0,2016-01-31
8.0,2016-02-01
3.0,2016-02-02
7.0,2016-02-03
1.0,2016-02-04
1.0,2016-02-05
0.0,2016-02-06
2.0,2016-02-07
0.0,2016-02-08
2.0,2016-02-09
0.0,2016-02-10
4.0,2016-02-11
6.0,2016-02-12
2.0,2016-02-13
3.0,2016-02-14
1.0,2016-02-15
1.0,2016-02-16
1.0,2016-02-17
0.0,2016-02-18
1.0,2016-02-19
0.0,2016-02-20
3.0,2016-02-21
1.0,2016-02-22
7.0,2016-02-23
5.0,2016-02-24
4.0,2016-02-25
4.0,2016-02-26
2.0,2016-02-27
0.0,2016-02-28
0.0,2016-02-29
2.0,2016-03-01
8.0,2016-03-02
7.0,2016-03-03
8.0,2016-03-04
4.0,2016-03-05
0.0,2016-03-06
1.0,2016-03-07
0.0,2016-03-08
5.0,2016-03-09
0.0,2016-03-10
0.0,2016-03-11
2.0,2016-03-12
2.0,2016-03-13
6.0,2016-03-14
5.0,2016-03-15
6.0,2016-03-16
4.0,2016-03-17
2.0,2016-03-18
1.0,2016-03-19
2.0,2016-03-20
8.0,2016-03-21
1.0,2016-03-22
6.0,2016-03-23
2.0,2016-03-24
8.0,2016-03-25
6.0,2016-03-26
7.0,2016-03-27
2.0,2016-03-28
5.0,2016-03-29
7.0,2016-03-30
1.0,2016-03-31
0.0,2016-04-01
1.0,2016-04-02
5.0,2016-04-03
1.0,2016-04-04
1.0,2016-04-05
2.0,2016-04-06
5.0,2016-04-07
5.0,2016-04-08
8.0,2016-04-09
3.0,2016-04-10
0.0,2016-04-11
2.0,2016-04-12
4.0,2016-04-13
5.0,2016-04-14
4.0,2016-04-15
0.0,2016-04-16
0.0,2016-04-17
4.0,2016-04-18
6.0,2016-04-19
0.0,2016-04-20
7.0,2016-04-21
0.0,2016-04-22
0.0,2016-04-23
2.0,2016-04-24
8.0,2016-04-25
9.0,2016-04-26
8.0,2016-04-27
3.0,2016-04-28
0.0,2016-04-29
5.0,2016-04-30
8.0,2016-05-01
4.0,2016-05-02
5.0,2016-05-03
6.0,2016-05-04
4.0,2016-05-05
2.0,2016-05-06
6.0,2016-05-07
0.0,2016-05-08
1.0,2016-05-09
3.0,2016-05-10
5.0,2016-05-11
2.0,2016-05-12
3.0,2016-05-13
12.0,2016-05-14
7.0,2016-05-15
10.0,2016-05-16
54.0,2016-05-17
69.0,2016-05-18
,2016-05-19
,2016-05-20
119.0,2016-05-21
582.0,2016-05-22
104.0,2016-05-23
324.0,2016-05-24
238.0,2016-05-25
163.0,2016-05-26
459.0,2016-05-27
189.0,2016-05-28
48.0,2016-05-29
46.0,2016-05-30
54.0,2016-05-31
93.0,2016-06-01
64.0,2016-06-02
,2016-06-03
,2016-06-04
100.0,2016-06-05
404.0,2016-06-06
198.0,2016-06-07
154.0,2016-06-08
131.0,2016-06-09
177.0,2016-06-10
118.0,2016-06-11
124.0,2016-06-12
161.0,2016-06-13
169.0,2016-06-14
100.0,2016-06-15
30.0,2016-06-16
25.0,2016-06-17
27.0,2016-06-18
57.0,2016-06-19
72.0,2016-06-20
27.0,2016-06-21
29.0,2016-06-22
23.0,2016-06-23
58.0,2016-06-24
34.0,2016-06-25
17.0,2016-06-26
37.0,2016-06-27
23.0,2016-06-28
31.0,2016-06-29
104.0,2016-06-30
58.0,2016-07-01
14.0,2016-07-02
31.0,2016-07-03
95.0,2016-07-04
30.0,2016-07-05
8.0,2016-07-06
8.0,2016-07-07
7.0,2016-07-08
5.0,2016-07-09
2.0,2016-07-10
40.0,2016-07-11
33.0,2016-07-12
30.0,2016-07-13
27.0,2016-07-14
12.0,2016-07-15
11.0,2016-07-16
10.0,2016-07-17
6.0,2016-07-18
4.0,2016-07-19
7.0,2016-07-20
5.0,2016-07-21
10.0,2016-07-22
4.0,2016-07-23
7.0,2016-07-24
5.0,2016-07-25
3.0,2016-07-26
6.0,2016-07-27
3.0,2016-07-28
3.0,2016-07-29
9.0,2016-07-30
3.0,2016-07-31
2.0,2016-08-01
0.0,2016-08-02
3.0,2016-08-03
11.0,2016-08-04
2.0,2016-08-05
2.0,2016-08-06
1.0,2016-08-07
1.0,2016-08-08
2.0,2016-08-09
4.0,2016-08-10
2.0,2016-08-11
2.0,2016-08-12
0.0,2016-08-13
1.0,2016-08-14
3.0,2016-08-15
2.0,2016-08-16
2.0,2016-08-17
2.0,2016-08-18
2.0,2016-08-19
4.0,2016-08-20
4.0,2016-08-21
1.0,2016-08-22
0.0,2016-08-23
5.0,2016-08-24
5.0,2016-08-25
3.0,2016-08-26
3.0,2016-08-27
1.0,2016-08-28
0.0,2016-08-29
8.0,2016-08-30
3.0,2016-08-31
4.0,2016-09-01
3.0,2016-09-02
0.0,2016-09-03
3.0,2016-09-04
2.0,2016-09-05
3.0,2016-09-06
1.0,2016-09-07
2.0,2016-09-08
3.0,2016-09-09
3.0,2016-09-10
1.0,2016-09-11
,2016-09-12
4.0,2016-09-13
2.0,2016-09-14
0.0,2016-09-15
1.0,2016-09-16
0.0,2016-09-17
0.0,2016-09-18
0.0,2016-09-19
0.0,2016-09-20
1.0,2016-09-21
0.0,2016-09-22
0.0,2016-09-23
0.0,2016-09-24
0.0,2016-09-25
,2016-09-26
0.0,2016-09-27
1.0,2016-09-28
1.0,2016-09-29
1.0,2016-09-30
0.0,2016-10-01
0.0,2016-10-02
1.0,2016-10-03
0.0,2016-10-04
0.0,2016-10-05
0.0,2016-10-06
0.0,2016-10-07
0.0,2016-10-08
0.0,2016-10-09
1.0,2016-10-10
0.0,2016-10-11
0.0,2016-10-12
0.0,2016-10-13
0.0,2016-10-14
0.0,2016-10-15
0.0,2016-10-16
1.0,2016-10-17
0.0,2016-10-18
0.0,2016-10-19
0.0,2016-10-20
0.0,2016-10-21
0.0,2016-10-22
0.0,2016-10-23
0.0,2016-10-24
0.0,2016-10-25
1.0,2016-10-26
0.0,2016-10-27
0.0,2016-10-28
0.0,2016-10-29
1.0,2016-10-30
0.0,2016-10-31
0.0,2016-11-01
0.0,2016-11-02
0.0,2016-11-03
0.0,2016-11-04
1.0,2016-11-05
0.0,2016-11-06
0.0,2016-11-07
0.0,2016-11-08
0.0,2016-11-09
0.0,2016-11-10
0.0,2016-11-11
0.0,2016-11-12
0.0,2016-11-13
0.0,2016-11-14
0.0,2016-11-15
1.0,2016-11-16
0.0,2016-11-17
0.0,2016-11-18
1.0,2016-11-19
0.0,2016-11-20
1.0,2016-11-21
0.0,2016-11-22
0.0,2016-11-23
0.0,2016-11-24
1.0,2016-11-25
0.0,2016-11-26
0.0,2016-11-27
0.0,2016-11-28
0.0,2016-11-29
0.0,2016-11-30
0.0,2016-12-01
0.0,2016-12-02
0.0,2016-12-03
0.0,2016-12-04
0.0,2016-12-05
0.0,2016-12-06
0.0,2016-12-07
0.0,2016-12-08
0.0,2016-12-09
0.0,2016-12-10
0.0,2016-12-11
0.0,2016-12-12
0.0,2016-12-13
0.0,2016-12-14
0.0,2016-12-15
0.0,2016-12-16
0.0,2016-12-17
0.0,2016-12-18
1.0,2016-12-19
0.0,2016-12-20
0.0,2016-12-21
1.0,2016-12-22
1.0,2016-12-23
1.0,2016-12-24
0.0,2016-12-25
0.0,2016-12-26
0.0,2016-12-27
2.0,2016-12-28
0.0,2016-12-29
0.0,2016-12-30
0.0,2016-12-31
0.0,2017-01-01
0.0,2017-01-02
1.0,2017-01-03
0.0,2017-01-04
1.0,2017-01-05
0.0,2017-01-06
0.0,2017-01-07
1.0,2017-01-08
2.0,2017-01-09
5.0,2017-01-10
0.0,2017-01-11
2.0,2017-01-12
2.0,2017-01-13
0.0,2017-01-14
0.0,2017-01-15
1.0,2017-01-16
3.0,2017-01-17
0.0,2017-01-18
1.0,2017-01-19
0.0,2017-01-20
0.0,2017-01-21
0.0,2017-01-22
1.0,2017-01-23
8.0,2017-01-24
2.0,2017-01-25
1.0,2017-01-26
0.0,2017-01-27
4.0,2017-01-28
0.0,2017-01-29
6.0,2017-01-30
3.0,2017-01-31
3.0,2017-02-01
3.0,2017-02-02
6.0,2017-02-03
2.0,2017-02-04
4.0,2017-02-05
1.0,2017-02-06
9.0,2017-02-07
3.0,2017-02-08
3.0,2017-02-09
1.0,2017-02-10
0.0,2017-02-11
0.0,2017-02-12
3.0,2017-02-13
1.0,2017-02-14
3.0,2017-02-15
1.0,2017-02-16
2.0,2017-02-17
5.0,2017-02-18
3.0,2017-02-19
0.0,2017-02-20
0.0,2017-02-21
0.0,2017-02-22
0.0,2017-02-23
0.0,2017-02-24
22.0,2017-02-25
7.0,2017-02-26
10.0,2017-02-27
14.0,2017-02-28
2.0,2017-03-01
5.0,2017-03-02
3.0,2017-03-03
1.0,2017-03-04
2.0,2017-03-05
8.0,2017-03-06
7.0,2017-03-07
20.0,2017-03-08
7.0,2017-03-09
10.0,2017-03-10
11.0,2017-03-11
8.0,2017-03-12
13.0,2017-03-13
2.0,2017-03-14
2.0,2017-03-15
4.0,2017-03-16
1.0,2017-03-17
2.0,2017-03-18
8.0,2017-03-19
6.0,2017-03-20
14.0,2017-03-21
7.0,2017-03-22
1.0,2017-03-23
1.0,2017-03-24
0.0,2017-03-25
1.0,2017-03-26
2.0,2017-03-27
1.0,2017-03-28
0.0,2017-03-29
0.0,2017-03-30
1.0,2017-03-31
4.0,2017-04-01
3.0,2017-04-02
3.0,2017-04-03
1.0,2017-04-04
2.0,2017-04-05
2.0,2017-04-06
2.0,2017-04-07
1.0,2017-04-08
1.0,2017-04-09
0.0,2017-04-10
1.0,2017-04-11
0.0,2017-04-12
9.0,2017-04-13
3.0,2017-04-14
4.0,2017-04-15
4.0,2017-04-16
9.0,2017-04-17
7.0,2017-04-18
11.0,2017-04-19
6.0,2017-04-20
3.0,2017-04-21
4.0,2017-04-22
8.0,2017-04-23
17.0,2017-04-24
27.0,2017-04-25
6.0,2017-04-26
4.0,2017-04-27
10.0,2017-04-28
1.0,2017-04-29
11.0,2017-04-30
15.0,2017-05-01
30.0,2017-05-02
36.0,2017-05-03
45.0,2017-05-04
28.0,2017-05-05
29.0,2017-05-06
20.0,2017-05-07
17.0,2017-05-08
135.0,2017-05-09
120.0,2017-05-10
4.0,2017-05-11
3.0,2017-05-12
34.0,2017-05-13
84.0,2017-05-14
47.0,2017-05-15
35.0,2017-05-16
52.0,2017-05-17
15.0,2017-05-18
10.0,2017-05-19
13.0,2017-05-20
43.0,2017-05-21
29.0,2017-05-22
37.0,2017-05-23
28.0,2017-05-24
38.0,2017-05-25
74.0,2017-05-26
121.0,2017-05-27
61.0,2017-05-28
61.0,2017-05-29
38.0,2017-05-30
30.0,2017-05-31
26.0,2017-06-01
38.0,2017-06-02
21.0,2017-06-03
16.0,2017-06-04
12.0,2017-06-05
27.0,2017-06-06
14.0,2017-06-07
35.0,2017-06-08
42.0,2017-06-09
46.0,2017-06-10
22.0,2017-06-11
23.0,2017-06-12
16.0,2017-06-13
17.0,2017-06-14
21.0,2017-06-15
9.0,2017-06-16
12.0,2017-06-17
6.0,2017-06-18
15.0,2017-06-19
10.0,2017-06-20
4.0,2017-06-21
5.0,2017-06-22
13.0,2017-06-23
11.0,2017-06-24
5.0,2017-06-25
2.0,2017-06-26
12.0,2017-06-27
15.0,2017-06-28
9.0,2017-06-29
2.0,2017-06-30
4.0,2017-07-01
4.0,2017-07-02
,2017-07-03
,2017-07-04
,2017-07-05
,2017-07-06
,2017-07-07
,2017-07-08
,2017-07-09
2.0,2017-07-10
2.0,2017-07-11
2.0,2017-07-12
3.0,2017-07-13
5.0,2017-07-14
3.0,2017-07-15
2.0,2017-07-16
1.0,2017-07-17
2.0,2017-07-18
1.0,2017-07-19
1.0,2017-07-20
4.0,2017-07-21
4.0,2017-07-22
1.0,2017-07-23
6.0,2017-07-24
,2017-07-25
,2017-07-26
,2017-07-27
,2017-07-28
2.0,2017-07-29
1.0,2017-07-30
1.0,2017-07-31
1.0,2017-08-01
2.0,2017-08-02
,2017-08-03
,2017-08-04
,2017-08-05
,2017-08-06
,2017-08-07
,2017-08-08
,2017-08-09
,2017-08-10
,2017-08-11
,2017-08-12
,2017-08-13
,2017-08-14
,2017-08-15
,2017-08-16
1.0,2017-08-17
1.0,2017-08-18
0.0,2017-08-19
0.0,2017-08-20
0.0,2017-08-21
1.0,2017-08-22
1.0,2017-08-23
,2017-08-24
,2017-08-25
,2017-08-26
,2017-08-27
,2017-08-28
,2017-08-29
,2017-08-30
,2017-08-31
,2017-09-01
,2017-09-02
,2017-09-03
1.0,2017-09-04
2.0,2017-09-05
3.0,2017-09-06
3.0,2017-09-07
,2017-09-08
,2017-09-09
,2017-09-10
,2017-09-11
,2017-09-12
,2017-09-13
,2017-09-14
,2017-09-15
,2017-09-16
,2017-09-17
0.0,2017-09-18
0.0,2017-09-19
1.0,2017-09-20
1.0,2017-09-21
0.0,2017-09-22
1.0,2017-09-23
1.0,2017-09-24
1.0,2017-09-25
0.0,2017-09-26
1.0,2017-09-27
1.0,2017-09-28
0.0,2017-09-29
0.0,2017-09-30
0.0,2017-10-01
1.0,2017-10-02
1.0,2017-10-03
2.0,2017-10-04
1.0,2017-10-05
2.0,2017-10-06
1.0,2017-10-07
0.0,2017-10-08
0.0,2017-10-09
0.0,2017-10-10
0.0,2017-10-11
1.0,2017-10-12
1.0,2017-10-13
0.0,2017-10-14
1.0,2017-10-15
3.0,2017-10-16
3.0,2017-10-17
0.0,2017-10-18
1.0,2017-10-19
0.0,2017-10-20
0.0,2017-10-21
0.0,2017-10-22
1.0,2017-10-23
0.0,2017-10-24
0.0,2017-10-25
1.0,2017-10-26
1.0,2017-10-27
1.0,2017-10-28
0.0,2017-10-29
0.0,2017-10-30
0.0,2017-10-31
1.0,2017-11-01
0.0,2017-11-02
0.0,2017-11-03
1.0,2017-11-04
0.0,2017-11-05
0.0,2017-11-06
0.0,2017-11-07
1.0,2017-11-08
0.0,2017-11-09
1.0,2017-11-10
1.0,2017-11-11
0.0,2017-11-12
0.0,2017-11-13
0.0,2017-11-14
0.0,2017-11-15
0.0,2017-11-16
0.0,2017-11-17
0.0,2017-11-18
0.0,2017-11-19
0.0,2017-11-20
0.0,2017-11-21
0.0,2017-11-22
0.0,2017-11-23
0.0,2017-11-24
0.0,2017-11-25
0.0,2017-11-26
0.0,2017-11-27
0.0,2017-11-28
0.0,2017-11-29
0.0,2017-11-30
1.0,2017-12-01
0.0,2017-12-02
0.0,2017-12-03
0.0,2017-12-04
0.0,2017-12-05
0.0,2017-12-06
0.0,2017-12-07
0.0,2017-12-08
0.0,2017-12-09
0.0,2017-12-10
0.0,2017-12-11
0.0,2017-12-12
0.0,2017-12-13
0.0,2017-12-14
0.0,2017-12-15
0.0,2017-12-16
0.0,2017-12-17
0.0,2017-12-18
0.0,2017-12-19
0.0,2017-12-20
0.0,2017-12-21
0.0,2017-12-22
0.0,2017-12-23
0.0,2017-12-24
0.0,2017-12-25
0.0,2017-12-26
1.0,2017-12-27
1.0,2017-12-28
0.0,2017-12-29
0.0,2017-12-30
0.0,2017-12-31
0.0,2018-01-01
0.0,2018-01-02
0.0,2018-01-03
0.0,2018-01-04
0.0,2018-01-05
0.0,2018-01-06
0.0,2018-01-07
0.0,2018-01-08
0.0,2018-01-09
0.0,2018-01-10
0.0,2018-01-11
0.0,2018-01-12
0.0,2018-01-13
0.0,2018-01-14
0.0,2018-01-15
0.0,2018-01-16
0.0,2018-01-17
0.0,2018-01-18
0.0,2018-01-19
1.0,2018-01-20
0.0,2018-01-21
1.0,2018-01-22
0.0,2018-01-23
1.0,2018-01-24
0.0,2018-01-25
0.0,2018-01-26
0.0,2018-01-27
0.0,2018-01-28
0.0,2018-01-29
0.0,2018-01-30
0.0,2018-01-31
0.0,2018-02-01
0.0,2018-02-02
0.0,2018-02-03
0.0,2018-02-04
0.0,2018-02-05
1.0,2018-02-06
1.0,2018-02-07
0.0,2018-02-08
1.0,2018-02-09
0.0,2018-02-10
0.0,2018-02-11
0.0,2018-02-12
3.0,2018-02-13
1.0,2018-02-14
0.0,2018-02-15
5.0,2018-02-16
1.0,2018-02-17
1.0,2018-02-18
0.0,2018-02-19
2.0,2018-02-20
0.0,2018-02-21
0.0,2018-02-22
2.0,2018-02-23
3.0,2018-02-24
6.0,2018-02-25
3.0,2018-02-26
1.0,2018-02-27
1.0,2018-02-28
1.0,2018-03-01
1.0,2018-03-02
1.0,2018-03-03
2.0,2018-03-04
2.0,2018-03-05
0.0,2018-03-06
0.0,2018-03-07
4.0,2018-03-08
0.0,2018-03-09
1.0,2018-03-10
0.0,2018-03-11
6.0,2018-03-12
4.0,2018-03-13
1.0,2018-03-14
1.0,2018-03-15
5.0,2018-03-16
1.0,2018-03-17
7.0,2018-03-18
4.0,2018-03-19
1.0,2018-03-20
5.0,2018-03-21
2.0,2018-03-22
2.0,2018-03-23
0.0,2018-03-24
3.0,2018-03-25
3.0,2018-03-26
8.0,2018-03-27
4.0,2018-03-28
2.0,2018-03-29
1.0,2018-03-30
0.0,2018-03-31
1.0,2018-04-01
5.0,2018-04-02
6.0,2018-04-03
2.0,2018-04-04
1.0,2018-04-05
2.0,2018-04-06
6.0,2018-04-07
4.0,2018-04-08
1.0,2018-04-09
0.0,2018-04-10
4.0,2018-04-11
7.0,2018-04-12
0.0,2018-04-13
5.0,2018-04-14
8.0,2018-04-15
6.0,2018-04-16
6.0,2018-04-17
1.0,2018-04-18
5.0,2018-04-19
5.0,2018-04-20
3.0,2018-04-21
5.0,2018-04-22
2.0,2018-04-23
4.0,2018-04-24
3.0,2018-04-25
2.0,2018-04-26
9.0,2018-04-27
4.0,2018-04-28
3.0,2018-04-29
2.0,2018-04-30
0.0,2018-05-01
11.0,2018-05-02
8.0,2018-05-03
3.0,2018-05-04
3.0,2018-05-05
6.0,2018-05-06
3.0,2018-05-07
3.0,2018-05-08
7.0,2018-05-09
14.0,2018-05-10
52.0,2018-05-11
31.0,2018-05-12
6.0,2018-05-13
3.0,2018-05-14
16.0,2018-05-15
20.0,2018-05-16
36.0,2018-05-17
27.0,2018-05-18
18.0,2018-05-19
24.0,2018-05-20
46.0,2018-05-21
48.0,2018-05-22
43.0,2018-05-23
57.0,2018-05-24
8.0,2018-05-25
24.0,2018-05-26
41.0,2018-05-27
13.0,2018-05-28
19.0,2018-05-29
75.0,2018-05-30
76.0,2018-05-31
141.0,2018-06-01
18.0,2018-06-02
111.0,2018-06-03
126.0,2018-06-04
18.0,2018-06-05
6.0,2018-06-06
59.0,2018-06-07
38.0,2018-06-08
50.0,2018-06-09
38.0,2018-06-10
8.0,2018-06-11
41.0,2018-06-12
41.0,2018-06-13
39.0,2018-06-14
79.0,2018-06-15
79.0,2018-06-16
70.0,2018-06-17
70.0,2018-06-18
53.0,2018-06-19
22.0,2018-06-20
35.0,2018-06-21
20.0,2018-06-22
25.0,2018-06-23
50.0,2018-06-24
52.0,2018-06-25
103.0,2018-06-26
128.0,2018-06-27
16.0,2018-06-28
15.0,2018-06-29
12.0,2018-06-30
8.0,2018-07-01
3.0,2018-07-02
4.0,2018-07-03
5.0,2018-07-04
2.0,2018-07-05
1.0,2018-07-06
2.0,2018-07-07
1.0,2018-07-08
10.0,2018-07-09
2.0,2018-07-10
7.0,2018-07-11
4.0,2018-07-12
0.0,2018-07-13
3.0,2018-07-14
3.0,2018-07-15
8.0,2018-07-16
2.0,2018-07-17
3.0,2018-07-18
5.0,2018-07-19
6.0,2018-07-20
3.0,2018-07-21
2.0,2018-07-22
0.0,2018-07-23
3.0,2018-07-24
2.0,2018-07-25
2.0,2018-07-26
4.0,2018-07-27
2.0,2018-07-28
2.0,2018-07-29
2.0,2018-07-30
0.0,2018-07-31
3.0,2018-08-01
3.0,2018-08-02
1.0,2018-08-03
1.0,2018-08-04
1.0,2018-08-05
1.0,2018-08-06
0.0,2018-08-07
2.0,2018-08-08
0.0,2018-08-09
1.0,2018-08-10
0.0,2018-08-11
2.0,2018-08-12
2.0,2018-08-13
0.0,2018-08-14
3.0,2018-08-15
2.0,2018-08-16
0.0,2018-08-17
1.0,2018-08-18
2.0,2018-08-19
1.0,2018-08-20
,2018-08-21
,2018-08-22
,2018-08-23
,2018-08-24
,2018-08-25
,2018-08-26
4.0,2018-08-27
,2018-08-28
,2018-08-29
,2018-08-30
,2018-08-31
,2018-09-01
,2018-09-02
3.0,2018-09-03
2.0,2018-09-04
3.0,2018-09-05
4.0,2018-09-06
1.0,2018-09-07
2.0,2018-09-08
3.0,2018-09-09
1.0,2018-09-10
3.0,2018-09-11
1.0,2018-09-12
2.0,2018-09-13
0.0,2018-09-14
2.0,2018-09-15
0.0,2018-09-16
2.0,2018-09-17
0.0,2018-09-18
1.0,2018-09-19
3.0,2018-09-20
2.0,2018-09-21
2.0,2018-09-22
1.0,2018-09-23
2.0,2018-09-24
2.0,2018-09-25
1.0,2018-09-26
1.0,2018-09-27
0.0,2018-09-28
1.0,2018-09-29
1.0,2018-09-30
2.0,2018-10-01
1.0,2018-10-02
1.0,2018-10-03
1.0,2018-10-04
2.0,2018-10-05
3.0,2018-10-06
3.0,2018-10-07
0.0,2018-10-08
0.0,2018-10-09
1.0,2018-10-10
2.0,2018-10-11
0.0,2018-10-12
0.0,2018-10-13
1.0,2018-10-14
1.0,2018-10-15
0.0,2018-10-16
1.0,2018-10-17
0.0,2018-10-18
0.0,2018-10-19
0.0,2018-10-20
0.0,2018-10-21
1.0,2018-10-22
1.0,2018-10-23
1.0,2018-10-24
0.0,2018-10-25
0.0,2018-10-26
0.0,2018-10-27
0.0,2018-10-28
0.0,2018-10-29
1.0,2018-10-30
0.0,2018-10-31
0.0,2018-11-01
1.0,2018-11-02
0.0,2018-11-03
0.0,2018-11-04
0.0,2018-11-05
0.0,2018-11-06
1.0,2018-11-07
0.0,2018-11-08
0.0,2018-11-09
0.0,2018-11-10
0.0,2018-11-11
0.0,2018-11-12
0.0,2018-11-13
0.0,2018-11-14
0.0,2018-11-15
0.0,2018-11-16
0.0,2018-11-17
0.0,2018-11-18
0.0,2018-11-19
0.0,2018-11-20
0.0,2018-11-21
0.0,2018-11-22
0.0,2018-11-23
0.0,2018-11-24
0.0,2018-11-25
0.0,2018-11-26
0.0,2018-11-27
0.0,2018-11-28
0.0,2018-11-29
0.0,2018-11-30
0.0,2018-12-01
1.0,2018-12-02
0.0,2018-12-03
0.0,2018-12-04
0.0,2018-12-05
0.0,2018-12-06
0.0,2018-12-07
0.0,2018-12-08
0.0,2018-12-09
0.0,2018-12-10
0.0,2018-12-11
0.0,2018-12-12
0.0,2018-12-13
0.0,2018-12-14
0.0,2018-12-15
0.0,2018-12-16
0.0,2018-12-17
0.0,2018-12-18
1.0,2018-12-19
1.0,2018-12-20
0.0,2018-12-21
0.0,2018-12-22
0.0,2018-12-23
0.0,2018-12-24
1.0,2018-12-25
1.0,2018-12-26
3.0,2018-12-27
2.0,2018-12-28
0.0,2018-12-29
0.0,2018-12-30
2.0,2018-12-31
3.0,2019-01-01
1.0,2019-01-02
1.0,2019-01-03
0.0,2019-01-04
2.0,2019-01-05
1.0,2019-01-06
1.0,2019-01-07
2.0,2019-01-08
0.0,2019-01-09
0.0,2019-01-10
0.0,2019-01-11
0.0,2019-01-12
1.0,2019-01-13
1.0,2019-01-14
1.0,2019-01-15
0.0,2019-01-16
0.0,2019-01-17
3.0,2019-01-18
0.0,2019-01-19
0.0,2019-01-20
0.0,2019-01-21
2.0,2019-01-22
2.0,2019-01-23
0.0,2019-01-24
4.0,2019-01-25
15.0,2019-01-26
6.0,2019-01-27
1.0,2019-01-28
3.0,2019-01-29
0.0,2019-01-30
0.0,2019-01-31
2.0,2019-02-01
1.0,2019-02-02
1.0,2019-02-03
2.0,2019-02-04
10.0,2019-02-05
21.0,2019-02-06
14.0,2019-02-07
7.0,2019-02-08
19.0,2019-02-09
3.0,2019-02-10
3.0,2019-02-11
0.0,2019-02-12
0.0,2019-02-13
0.0,2019-02-14
2.0,2019-02-15
1.0,2019-02-16
1.0,2019-02-17
2.0,2019-02-18
5.0,2019-02-19
3.0,2019-02-20
1.0,2019-02-21
6.0,2019-02-22
2.0,2019-02-23
2.0,2019-02-24
4.0,2019-02-25
2.0,2019-02-26
2.0,2019-02-27
15.0,2019-02-28
12.0,2019-03-01
10.0,2019-03-02
6.0,2019-03-03
9.0,2019-03-04
5.0,2019-03-05
2.0,2019-03-06
1.0,2019-03-07
3.0,2019-03-08
8.0,2019-03-09
8.0,2019-03-10
10.0,2019-03-11
5.0,2019-03-12
20.0,2019-03-13
3.0,2019-03-14
3.0,2019-03-15
3.0,2019-03-16
2.0,2019-03-17
2.0,2019-03-18
3.0,2019-03-19
3.0,2019-03-20
2.0,2019-03-21
2.0,2019-03-22
2.0,2019-03-23
0.0,2019-03-24
4.0,2019-03-25
2.0,2019-03-26
1.0,2019-03-27
2.0,2019-03-28
3.0,2019-03-29
1.0,2019-03-30
1.0,2019-03-31
1.0,2019-04-01
3.0,2019-04-02
2.0,2019-04-03
3.0,2019-04-04
1.0,2019-04-05
0.0,2019-04-06
1.0,2019-04-07
2.0,2019-04-08
0.0,2019-04-09
3.0,2019-04-10
1.0,2019-04-11
1.0,2019-04-12
2.0,2019-04-13
2.0,2019-04-14
6.0,2019-04-15
5.0,2019-04-16
4.0,2019-04-17
1.0,2019-04-18
2.0,2019-04-19
3.0,2019-04-20
1.0,2019-04-21
4.0,2019-04-22
7.0,2019-04-23
0.0,2019-04-24
1.0,2019-04-25
3.0,2019-04-26
1.0,2019-04-27
6.0,2019-04-28
5.0,2019-04-29
9.0,2019-04-30
10.0,2019-05-01
8.0,2019-05-02
8.0,2019-05-03
2.0,2019-05-04
4.0,2019-05-05
39.0,2019-05-06
66.0,2019-05-07
52.0,2019-05-08
58.0,2019-05-09
46.0,2019-05-10
34.0,2019-05-11
21.0,2019-05-12
23.0,2019-05-13
84.0,2019-05-14
73.0,2019-05-15
113.0,2019-05-16
23.0,2019-05-17
8.0,2019-05-18
53.0,2019-05-19
68.0,2019-05-20
72.0,2019-05-21
99.0,2019-05-22
64.0,2019-05-23
28.0,2019-05-24
17.0,2019-05-25
25.0,2019-05-26
47.0,2019-05-27
47.0,2019-05-28
31.0,2019-05-29
25.0,2019-05-30
30.0,2019-05-31
33.0,2019-06-01
38.0,2019-06-02
49.0,2019-06-03
64.0,2019-06-04
50.0,2019-06-05
32.0,2019-06-06
16.0,2019-06-07
22.0,2019-06-08
38.0,2019-06-09
16.0,2019-06-10
18.0,2019-06-11
11.0,2019-06-12
13.0,2019-06-13
11.0,2019-06-14
14.0,2019-06-15
13.0,2019-06-16
18.0,2019-06-17
11.0,2019-06-18
6.0,2019-06-19
8.0,2019-06-20
12.0,2019-06-21
7.0,2019-06-22
10.0,2019-06-23
3.0,2019-06-24
17.0,2019-06-25
,2019-06-26
19.0,2019-06-27
6.0,2019-06-28
4.0,2019-06-29
9.0,2019-06-30
22.0,2019-07-01
8.0,2019-07-02
6.0,2019-07-03
10.0,2019-07-04
3.0,2019-07-05
7.0,2019-07-06
8.0,2019-07-07
11.0,2019-07-08
3.0,2019-07-09
3.0,2019-07-10
4.0,2019-07-11
4.0,2019-07-12
7.0,2019-07-13
4.0,2019-07-14
7.0,2019-07-15
8.0,2019-07-16
10.0,2019-07-17
1.0,2019-07-18
5.0,2019-07-19
2.0,2019-07-20
5.0,2019-07-21
2.0,2019-07-22
4.0,2019-07-23
1.0,2019-07-24
3.0,2019-07-25
3.0,2019-07-26
2.0,2019-07-27
1.0,2019-07-28
0.0,2019-07-29
4.0,2019-07-30
2.0,2019-07-31
1.0,2019-08-01
2.0,2019-08-02
1.0,2019-08-03
4.0,2019-08-04
2.0,2019-08-05
3.0,2019-08-06
2.0,2019-08-07
0.0,2019-08-08
0.0,2019-08-09
2.0,2019-08-10
9.0,2019-08-11
1.0,2019-08-12
2.0,2019-08-13
3.0,2019-08-14
3.0,2019-08-15
2.0,2019-08-16
0.0,2019-08-17
4.0,2019-08-18
4.0,2019-08-19
2.0,2019-08-20
1.0,2019-08-21
1.0,2019-08-22
0.0,2019-08-23
2.0,2019-08-24
2.0,2019-08-25
2.0,2019-08-26
3.0,2019-08-27
2.0,2019-08-28
1.0,2019-08-29
1.0,2019-08-30
2.0,2019-08-31
2.0,2019-09-01
2.0,2019-09-02
4.0,2019-09-03
3.0,2019-09-04
2.0,2019-09-05
2.0,2019-09-06
2.0,2019-09-07
2.0,2019-09-08
8.0,2019-09-09
4.0,2019-09-10
4.0,2019-09-11
3.0,2019-09-12
3.0,2019-09-13
0.0,2019-09-14
0.0,2019-09-15
3.0,2019-09-16
0.0,2019-09-17
1.0,2019-09-18
3.0,2019-09-19
3.0,2019-09-20
0.0,2019-09-21
2.0,2019-09-22
0.0,2019-09-23
1.0,2019-09-24
0.0,2019-09-25
0.0,2019-09-26
0.0,2019-09-27
0.0,2019-09-28
1.0,2019-09-29
1.0,2019-09-30
3.0,2019-10-01
0.0,2019-10-02
0.0,2019-10-03
0.0,2019-10-04
1.0,2019-10-05
1.0,2019-10-06
0.0,2019-10-07
2.0,2019-10-08
2.0,2019-10-09
2.0,2019-10-10
1.0,2019-10-11
4.0,2019-10-12
0.0,2019-10-13
1.0,2019-10-14
0.0,2019-10-15
0.0,2019-10-16
0.0,2019-10-17
0.0,2019-10-18
1.0,2019-10-19
0.0,2019-10-20
0.0,2019-10-21
0.0,2019-10-22
0.0,2019-10-23
0.0,2019-10-24
0.0,2019-10-25
0.0,2019-10-26
0.0,2019-10-27
1.0,2019-10-28
1.0,2019-10-29
0.0,2019-10-30
0.0,2019-10-31
0.0,2019-11-01
0.0,2019-11-02
0.0,2019-11-03
0.0,2019-11-04
0.0,2019-11-05
0.0,2019-11-06
0.0,2019-11-07
1.0,2019-11-08
0.0,2019-11-09
0.0,2019-11-10
0.0,2019-11-11
0.0,2019-11-12
0.0,2019-11-13
0.0,2019-11-14
0.0,2019-11-15
0.0,2019-11-16
0.0,2019-11-17
0.0,2019-11-18
0.0,2019-11-19
0.0,2019-11-20
0.0,2019-11-21
0.0,2019-11-22
0.0,2019-11-23
0.0,2019-11-24
0.0,2019-11-25
0.0,2019-11-26
0.0,2019-11-27
1.0,2019-11-28
0.0,2019-11-29
0.0,2019-11-30
0.0,2019-12-01
1.0,2019-12-02
0.0,2019-12-03
0.0,2019-12-04
0.0,2019-12-05
0.0,2019-12-06
0.0,2019-12-07
0.0,2019-12-08
0.0,2019-12-09
0.0,2019-12-10
0.0,2019-12-11
0.0,2019-12-12
2.0,2019-12-13
3.0,2019-12-14
0.0,2019-12-15
0.0,2019-12-16
0.0,2019-12-17
0.0,2019-12-18
0.0,2019-12-19
0.0,2019-12-20
0.0,2019-12-21
0.0,2019-12-22
1.0,2019-12-23
0.0,2019-12-24
0.0,2019-12-25
0.0,2019-12-26
0.0,2019-12-27
0.0,2019-12-28
0.0,2019-12-29
0.0,2019-12-30
0.0,2019-12-31
0.0,2020-01-01
0.0,2020-01-02
0.0,2020-01-03
0.0,2020-01-04
0.0,2020-01-05
0.0,2020-01-06
2.0,2020-01-07
0.0,2020-01-08
1.0,2020-01-09
0.0,2020-01-10
1.0,2020-01-11
0.0,2020-01-12
1.0,2020-01-13
0.0,2020-01-14
0.0,2020-01-15
3.0,2020-01-16
2.0,2020-01-17
1.0,2020-01-18
1.0,2020-01-19
0.0,2020-01-20
1.0,2020-01-21
0.0,2020-01-22
0.0,2020-01-23
0.0,2020-01-24
0.0,2020-01-25
2.0,2020-01-26
1.0,2020-01-27
1.0,2020-01-28
18.0,2020-01-29
9.0,2020-01-30
5.0,2020-01-31
3.0,2020-02-01
1.0,2020-02-02
10.0,2020-02-03
4.0,2020-02-04
1.0,2020-02-05
0.0,2020-02-06
3.0,2020-02-07
6.0,2020-02-08
7.0,2020-02-09
8.0,2020-02-10
3.0,2020-02-11
3.0,2020-02-12
16.0,2020-02-13
16.0,2020-02-14
11.0,2020-02-15
12.0,2020-02-16
8.0,2020-02-17
5.0,2020-02-18
3.0,2020-02-19
3.0,2020-02-20
6.0,2020-02-21
8.0,2020-02-22
11.0,2020-02-23
2.0,2020-02-24
10.0,2020-02-25
15.0,2020-02-26
7.0,2020-02-27
1.0,2020-02-28
4.0,2020-02-29
0.0,2020-03-01
,2020-03-02
,2020-03-03
2.0,2020-03-04
11.0,2020-03-05
1.0,2020-03-06
1.0,2020-03-07
1.0,2020-03-08
7.0,2020-03-09
18.0,2020-03-10
7.0,2020-03-11
5.0,2020-03-12
,2020-03-13
,2020-03-14
,2020-03-15
,2020-03-16
,2020-03-17
,2020-03-18
,2020-03-19
,2020-03-20
,2020-03-21
,2020-03-22
,2020-03-23
,2020-03-24
,2020-03-25
,2020-03-26
,2020-03-27
,2020-03-28
,2020-03-29
,2020-03-30
,2020-03-31
,2020-04-01
,2020-04-02
,2020-04-03
,2020-04-04
,2020-04-05
,2020-04-06
,2020-04-07
,2020-04-08
,2020-04-09
,2020-04-10
,2020-04-11
,2020-04-12
,2020-04-13
,2020-04-14
,2020-04-15
,2020-04-16
,2020-04-17
,2020-04-18
,2020-04-19
,2020-04-20
,2020-04-21
,2020-04-22
,2020-04-23
,2020-04-24
,2020-04-25
,2020-04-26
,2020-04-27
,2020-04-28
,2020-04-29
,2020-04-30
,2020-05-01
,2020-05-02
,2020-05-03
,2020-05-04
,2020-05-05
,2020-05-06
,2020-05-07
,2020-05-08
,2020-05-09
,2020-05-10
,2020-05-11
,2020-05-12
,2020-05-13
,2020-05-14
,2020-05-15
,2020-05-16
,2020-05-17
,2020-05-18
,2020-05-19
,2020-05-20
,2020-05-21
,2020-05-22
,2020-05-23
,2020-05-24
,2020-05-25
,2020-05-26
,2020-05-27
,2020-05-28
,2020-05-29
,2020-05-30
,2020-05-31
,2020-06-01
,2020-06-02
,2020-06-03
,2020-06-04
,2020-06-05
,2020-06-06
,2020-06-07
,2020-06-08
,2020-06-09
,2020-06-10
,2020-06-11
,2020-06-12
,2020-06-13
,2020-06-14
,2020-06-15
,2020-06-16
,2020-06-17
,2020-06-18
46.0,2020-06-19
39.0,2020-06-20
61.0,2020-06-21
16.0,2020-06-22
11.0,2020-06-23
36.0,2020-06-24
24.0,2020-06-25
27.0,2020-06-26
75.0,2020-06-27
28.0,2020-06-28
36.0,2020-06-29
28.0,2020-06-30
32.0,2020-07-01
53.0,2020-07-02
46.0,2020-07-03
27.0,2020-07-04
38.0,2020-07-05
27.0,2020-07-06
20.0,2020-07-07
47.0,2020-07-08
21.0,2020-07-09
5.0,2020-07-10
12.0,2020-07-11
8.0,2020-07-12
10.0,2020-07-13
13.0,2020-07-14
10.0,2020-07-15
1.0,2020-07-16
5.0,2020-07-17
10.0,2020-07-18
11.0,2020-07-19
8.0,2020-07-20
3.0,2020-07-21
5.0,2020-07-22
4.0,2020-07-23
5.0,2020-07-24
0.0,2020-07-25
0.0,2020-07-26
1.0,2020-07-27
0.0,2020-07-28
0.0,2020-07-29
0.0,2020-07-30
4.0,2020-07-31
0.0,2020-08-01
3.0,2020-08-02
1.0,2020-08-03
1.0,2020-08-04
1.0,2020-08-05
2.0,2020-08-06
1.0,2020-08-07
6.0,2020-08-08
0.0,2020-08-09
1.0,2020-08-10
4.0,2020-08-11
1.0,2020-08-12
4.0,2020-08-13
3.0,2020-08-14
1.0,2020-08-15
3.0,2020-08-16
5.0,2020-08-17
1.0,2020-08-18
0.0,2020-08-19
2.0,2020-08-20
1.0,2020-08-21
0.0,2020-08-22
1.0,2020-08-23
1.0,2020-08-24
3.0,2020-08-25
4.0,2020-08-26
1.0,2020-08-27
2.0,2020-08-28
1.0,2020-08-29
0.0,2020-08-30
0.0,2020-08-31
1.0,2020-09-01
2.0,2020-09-02
1.0,2020-09-03
1.0,2020-09-04
2.0,2020-09-05
3.0,2020-09-06
1.0,2020-09-07
2.0,2020-09-08
2.0,2020-09-09
0.0,2020-09-10
0.0,2020-09-11
3.0,2020-09-12
4.0,2020-09-13
5.0,2020-09-14
1.0,2020-09-15
1.0,2020-09-16
0.0,2020-09-17
1.0,2020-09-18
0.0,2020-09-19
1.0,2020-09-20
0.0,2020-09-21
0.0,2020-09-22
1.0,2020-09-23
1.0,2020-09-24
0.0,2020-09-25
0.0,2020-09-26
1.0,2020-09-27
1.0,2020-09-28
0.0,2020-09-29
1.0,2020-09-30
1.0,2020-10-01
2.0,2020-10-02
0.0,2020-10-03
0.0,2020-10-04
1.0,2020-10-05
0.0,2020-10-06
2.0,2020-10-07
1.0,2020-10-08
0.0,2020-10-09
1.0,2020-10-10
1.0,2020-10-11
0.0,2020-10-12
1.0,2020-10-13
0.0,2020-10-14
0.0,2020-10-15
0.0,2020-10-16
0.0,2020-10-17
0.0,2020-10-18
0.0,2020-10-19
0.0,2020-10-20
0.0,2020-10-21
0.0,2020-10-22
0.0,2020-10-23
0.0,2020-10-24
1.0,2020-10-25
0.0,2020-10-26
0.0,2020-10-27
0.0,2020-10-28
1.0,2020-10-29
1.0,2020-10-30
0.0,2020-10-31
1.0,2020-11-01
0.0,2020-11-02
1.0,2020-11-03
0.0,2020-11-04
0.0,2020-11-05
1.0,2020-11-06
0.0,2020-11-07
0.0,2020-11-08
0.0,2020-11-09
0.0,2020-11-10
0.0,2020-11-11
0.0,2020-11-12
0.0,2020-11-13
0.0,2020-11-14
1.0,2020-11-15
0.0,2020-11-16
1.0,2020-11-17
0.0,2020-11-18
0.0,2020-11-19
0.0,2020-11-20
0.0,2020-11-21
0.0,2020-11-22
0.0,2020-11-23
0.0,2020-11-24
0.0,2020-11-25
0.0,2020-11-26
0.0,2020-11-27
0.0,2020-11-28
0.0,2020-11-29
0.0,2020-11-30
0.0,2020-12-01
0.0,2020-12-02
1.0,2020-12-03
0.0,2020-12-04
0.0,2020-12-05
0.0,2020-12-06
2.0,2020-12-07
0.0,2020-12-08
0.0,2020-12-09
0.0,2020-12-10
0.0,2020-12-11
2.0,2020-12-12
0.0,2020-12-13
1.0,2020-12-14
0.0,2020-12-15
0.0,2020-12-16
1.0,2020-12-17
0.0,2020-12-18
0.0,2020-12-19
4.0,2020-12-20
1.0,2020-12-21
0.0,2020-12-22
0.0,2020-12-23
0.0,2020-12-24
1.0,2020-12-25
1.0,2020-12-26
2.0,2020-12-27
0.0,2020-12-28
0.0,2020-12-29
0.0,2020-12-30
0.0,2020-12-31
0.0,2021-01-01
0.0,2021-01-02
0.0,2021-01-03
0.0,2021-01-04
0.0,2021-01-05
0.0,2021-01-06
0.0,2021-01-07
0.0,2021-01-08
0.0,2021-01-09
1.0,2021-01-10
,2021-01-11
,2021-01-12
,2021-01-13
,2021-01-14
,2021-01-15
,2021-01-16
,2021-01-17
,2021-01-18
,2021-01-19
,2021-01-20
,2021-01-21
,2021-01-22
,2021-01-23
,2021-01-24
0.0,2021-01-25
4.0,2021-01-26
2.0,2021-01-27
0.0,2021-01-28
3.0,2021-01-29
1.0,2021-01-30
0.0,2021-01-31
2.0,2021-02-01
0.0,2021-02-02
3.0,2021-02-03
2.0,2021-02-04
2.0,2021-02-05
5.0,2021-02-06
0.0,2021-02-07
0.0,2021-02-08
1.0,2021-02-09
5.0,2021-02-10
0.0,2021-02-11
5.0,2021-02-12
9.0,2021-02-13
3.0,2021-02-14
0.0,2021-02-15
5.0,2021-02-16
3.0,2021-02-17
1.0,2021-02-18
4.0,2021-02-19
5.0,2021-02-20
0.0,2021-02-21
0.0,2021-02-22
0.0,2021-02-23
0.0,2021-02-24
0.0,2021-02-25
4.0,2021-02-26
0.0,2021-02-27
2.0,2021-02-28
1.0,2021-03-01
1.0,2021-03-02
1.0,2021-03-03
0.0,2021-03-04
0.0,2021-03-05
1.0,2021-03-06
0.0,2021-03-07
0.0,2021-03-08
2.0,2021-03-09
7.0,2021-03-10
7.0,2021-03-11
4.0,2021-03-12
3.0,2021-03-13
1.0,2021-03-14
4.0,2021-03-15
0.0,2021-03-16
4.0,2021-03-17
7.0,2021-03-18
3.0,2021-03-19
1.0,2021-03-20
0.0,2021-03-21
6.0,2021-03-22
13.0,2021-03-23
11.0,2021-03-24
6.0,2021-03-25
18.0,2021-03-26
2.0,2021-03-27
1.0,2021-03-28
5.0,2021-03-29
3.0,2021-03-30
1.0,2021-03-31
9.0,2021-04-01
3.0,2021-04-02
2.0,2021-04-03
1.0,2021-04-04
3.0,2021-04-05
5.0,2021-04-06
7.0,2021-04-07
2.0,2021-04-08
0.0,2021-04-09
1.0,2021-04-10
0.0,2021-04-11
2.0,2021-04-12
0.0,2021-04-13
0.0,2021-04-14
1.0,2021-04-15
4.0,2021-04-16
1.0,2021-04-17
1.0,2021-04-18
2.0,2021-04-19
7.0,2021-04-20
5.0,2021-04-21
0.0,2021-04-22
3.0,2021-04-23
3.0,2021-04-24
0.0,2021-04-25
8.0,2021-04-26
12.0,2021-04-27
5.0,2021-04-28
28.0,2021-04-29
7.0,2021-04-30
5.0,2021-05-01
10.0,2021-05-02
14.0,2021-05-03
12.0,2021-05-04
35.0,2021-05-05
40.0,2021-05-06
72.0,2021-05-07
222.0,2021-05-08
144.0,2021-05-09
24.0,2021-05-10
40.0,2021-05-11
78.0,2021-05-12
160.0,2021-05-13
77.0,2021-05-14
174.0,2021-05-15
169.0,2021-05-16
84.0,2021-05-17
62.0,2021-05-18
39.0,2021-05-19
88.0,2021-05-20
301.0,2021-05-21
99.0,2021-05-22
76.0,2021-05-23
69.0,2021-05-24
89.0,2021-05-25
98.0,2021-05-26
114.0,2021-05-27
32.0,2021-05-28
36.0,2021-05-29
71.0,2021-05-30
38.0,2021-05-31
49.0,2021-06-01
46.0,2021-06-02
43.0,2021-06-03
73.0,2021-06-04
20.0,2021-06-05
31.0,2021-06-06
93.0,2021-06-07
,2021-06-08
79.0,2021-06-09
91.0,2021-06-10
62.0,2021-06-11
18.0,2021-06-12
8.0,2021-06-13
22.0,2021-06-14
20.0,2021-06-15
6.0,2021-06-16
4.0,2021-06-17
6.0,2021-06-18
9.0,2021-06-19
10.0,2021-06-20
5.0,2021-06-21
5.0,2021-06-22
4.0,2021-06-23
9.0,2021-06-24
8.0,2021-06-25
15.0,2021-06-26
17.0,2021-06-27
15.0,2021-06-28
,2021-06-29
25.0,2021-06-30
22.0,2021-07-01
11.0,2021-07-02
61.0,2021-07-03
15.0,2021-07-04
30.0,2021-07-05
15.0,2021-07-06
6.0,2021-07-07
9.0,2021-07-08
10.0,2021-07-09
8.0,2021-07-10
26.0,2021-07-11
27.0,2021-07-12
13.0,2021-07-13
6.0,2021-07-14
6.0,2021-07-15
8.0,2021-07-16
22.0,2021-07-17
26.0,2021-07-18
26.0,2021-07-19
6.0,2021-07-20
8.0,2021-07-21
9.0,2021-07-22
9.0,2021-07-23
11.0,2021-07-24
11.0,2021-07-25
2.0,2021-07-26
6.0,2021-07-27
3.0,2021-07-28
7.0,2021-07-29
2.0,2021-07-30
10.0,2021-07-31
0.0,2021-08-01
3.0,2021-08-02
5.0,2021-08-03
3.0,2021-08-04
2.0,2021-08-05
2.0,2021-08-06
0.0,2021-08-07
4.0,2021-08-08
,2021-08-09
,2021-08-10
1.0,2021-08-11
1.0,2021-08-12
1.0,2021-08-13
0.0,2021-08-14
3.0,2021-08-15
2.0,2021-08-16
2.0,2021-08-17
,2021-08-18
,2021-08-19
2.0,2021-08-20
3.0,2021-08-21
3.0,2021-08-22
5.0,2021-08-23
0.0,2021-08-24
2.0,2021-08-25
0.0,2021-08-26
3.0,2021-08-27
1.0,2021-08-28
1.0,2021-08-29
,2021-08-30
,2021-08-31
0.0,2021-09-01
0.0,2021-09-02
1.0,2021-09-03
1.0,2021-09-04
1.0,2021-09-05
5.0,2021-09-06
3.0,2021-09-07
5.0,2021-09-08
0.0,2021-09-09
0.0,2021-09-10
3.0,2021-09-11
0.0,2021-09-12
2.0,2021-09-13
1.0,2021-09-14
0.0,2021-09-15
1.0,2021-09-16
2.0,2021-09-17
1.0,2021-09-18
3.0,2021-09-19
0.0,2021-09-20
1.0,2021-09-21
0.0,2021-09-22
1.0,2021-09-23
0.0,2021-09-24
0.0,2021-09-25
0.0,2021-09-26
1.0,2021-09-27
1.0,2021-09-28
0.0,2021-09-29
1.0,2021-09-30
2.0,2021-10-01
1.0,2021-10-02
0.0,2021-10-03
0.0,2021-10-04
0.0,2021-10-05
1.0,2021-10-06
2.0,2021-10-07
0.0,2021-10-08
0.0,2021-10-09
2.0,2021-10-10
,2021-10-11
,2021-10-12
0.0,2021-10-13
2.0,2021-10-14
,2021-10-15
,2021-10-16
,2021-10-17
0.0,2021-10-18
2.0,2021-10-19
1.0,2021-10-20
0.0,2021-10-21
0.0,2021-10-22
0.0,2021-10-23
0.0,2021-10-24
0.0,2021-10-25
0.0,2021-10-26
0.0,2021-10-27
0.0,2021-10-28
0.0,2021-10-29
0.0,2021-10-30
0.0,2021-10-31
0.0,2021-11-01
0.0,2021-11-02
0.0,2021-11-03
0.0,2021-11-04
0.0,2021-11-05
0.0,2021-11-06
1.0,2021-11-07
0.0,2021-11-08
1.0,2021-11-09
0.0,2021-11-10
1.0,2021-11-11
1.0,2021-11-12
1.0,2021-11-13
0.0,2021-11-14
0.0,2021-11-15
0.0,2021-11-16
0.0,2021-11-17
0.0,2021-11-18
1.0,2021-11-19
0.0,2021-11-20
1.0,2021-11-21
0.0,2021-11-22
0.0,2021-11-23
0.0,2021-11-24
1.0,2021-11-25
0.0,2021-11-26
0.0,2021-11-27
1.0,2021-11-28
1.0,2021-11-29
0.0,2021-11-30
0.0,2021-12-01
0.0,2021-12-02
1.0,2021-12-03
0.0,2021-12-04
,2021-12-05
,2021-12-06
,2021-12-07
,2021-12-08
,2021-12-09
,2021-12-10
,2021-12-11
,2021-12-12
0.0,2021-12-13
0.0,2021-12-14
0.0,2021-12-15
0.0,2021-12-16
,2021-12-17
,2021-12-18
,2021-12-19
0.0,2021-12-20
1.0,2021-12-21
0.0,2021-12-22
0.0,2021-12-23
0.0,2021-12-24
0.0,2021-12-25
0.0,2021-12-26
0.0,2021-12-27
1.0,2021-12-28
0.0,2021-12-29
,2021-12-30
,2021-12-31
,2022-01-01
,2022-01-02
,2022-01-03
,2022-01-04
,2022-01-05
,2022-01-06
,2022-01-07
,2022-01-08
,2022-01-09
,2022-01-10
,2022-01-11
,2022-01-12
,2022-01-13
,2022-01-14
,2022-01-15
,2022-01-16
,2022-01-17
,2022-01-18
,2022-01-19
,2022-01-20
,2022-01-21
,2022-01-22
,2022-01-23
,2022-01-24
,2022-01-25
,2022-01-26
,2022-01-27
,2022-01-28
,2022-01-29
,2022-01-30
,2022-01-31
,2022-02-01
,2022-02-02
,2022-02-03
,2022-02-04
1.0,2022-02-05
0.0,2022-02-06
0.0,2022-02-07
1.0,2022-02-08
0.0,2022-02-09
0.0,2022-02-10
0.0,2022-02-11
0.0,2022-02-12
1.0,2022-02-13
1.0,2022-02-14
2.0,2022-02-15
0.0,2022-02-16
2.0,2022-02-17
2.0,2022-02-18
0.0,2022-02-19
0.0,2022-02-20
0.0,2022-02-21
0.0,2022-02-22
1.0,2022-02-23
1.0,2022-02-24
0.0,2022-02-25
0.0,2022-02-26
1.0,2022-02-27
1.0,2022-02-28
7.0,2022-03-01
2.0,2022-03-02
2.0,2022-03-03
0.0,2022-03-04
1.0,2022-03-05
0.0,2022-03-06
1.0,2022-03-07
,2022-03-08
0.0,2022-03-09
1.0,2022-03-10
1.0,2022-03-11
1.0,2022-03-12
1.0,2022-03-13
0.0,2022-03-14
1.0,2022-03-15
0.0,2022-03-16
1.0,2022-03-17
0.0,2022-03-18
1.0,2022-03-19
1.0,2022-03-20
0.0,2022-03-21
0.0,2022-03-22
0.0,2022-03-23
2.0,2022-03-24
0.0,2022-03-25
2.0,2022-03-26
0.0,2022-03-27
0.0,2022-03-28
2.0,2022-03-29
1.0,2022-03-30
0.0,2022-03-31
3.0,2022-04-01
2.0,2022-04-02
2.0,2022-04-03
2.0,2022-04-04
1.0,2022-04-05
3.0,2022-04-06
11.0,2022-04-07
2.0,2022-04-08
5.0,2022-04-09
0.0,2022-04-10
6.0,2022-04-11
0.0,2022-04-12
,2022-04-13
,2022-04-14
,2022-04-15
,2022-04-16
,2022-04-17
,2022-04-18
,2022-04-19
0.0,2022-04-20
3.0,2022-04-21
0.0,2022-04-22
0.0,2022-04-23
6.0,2022-04-24
5.0,2022-04-25
4.0,2022-04-26
0.0,2022-04-27
2.0,2022-04-28
3.0,2022-04-29
2.0,2022-04-30
12.0,2022-05-01
9.0,2022-05-02
5.0,2022-05-03
0.0,2022-05-04
,2022-05-05
7.0,2022-05-06
12.0,2022-05-07
7.0,2022-05-08
38.0,2022-05-09
84.0,2022-05-10
99.0,2022-05-11
102.0,2022-05-12
170.0,2022-05-13
193.0,2022-05-14
185.0,2022-05-15
201.0,2022-05-16
180.0,2022-05-17
152.0,2022-05-18
186.0,2022-05-19
139.0,2022-05-20
114.0,2022-05-21
120.0,2022-05-22
135.0,2022-05-23
121.0,2022-05-24
,2022-05-25
38.0,2022-05-26
26.0,2022-05-27
137.0,2022-05-28
71.0,2022-05-29
58.0,2022-05-30
57.0,2022-05-31
32.0,2022-06-01
48.0,2022-06-02
28.0,2022-06-03
44.0,2022-06-04
8.0,2022-06-05
24.0,2022-06-06
40.0,2022-06-07
36.0,2022-06-08
39.0,2022-06-09
17.0,2022-06-10
19.0,2022-06-11
18.0,2022-06-12
16.0,2022-06-13
15.0,2022-06-14
18.0,2022-06-15
4.0,2022-06-16
12.0,2022-06-17
10.0,2022-06-18
10.0,2022-06-19
5.0,2022-06-20
6.0,2022-06-21
7.0,2022-06-22
9.0,2022-06-23
11.0,2022-06-24
14.0,2022-06-25
11.0,2022-06-26
8.0,2022-06-27
10.0,2022-06-28
9.0,2022-06-29
15.0,2022-06-30
13.0,2022-07-01
2.0,2022-07-02
2.0,2022-07-03
5.0,2022-07-04
14.0,2022-07-05
10.0,2022-07-06
7.0,2022-07-07
1.0,2022-07-08
11.0,2022-07-09
8.0,2022-07-10
11.0,2022-07-11
6.0,2022-07-12
8.0,2022-07-13
4.0,2022-07-14
3.0,2022-07-15
5.0,2022-07-16
2.0,2022-07-17
6.0,2022-07-18
2.0,2022-07-19
5.0,2022-07-20
3.0,2022-07-21
6.0,2022-07-22
1.0,2022-07-23
2.0,2022-07-24
0.0,2022-07-25
6.0,2022-07-26
5.0,2022-07-27
0.0,2022-07-28
,2022-07-29
3.0,2022-07-30
1.0,2022-07-31
1.0,2022-08-01
3.0,2022-08-02
1.0,2022-08-03
,2022-08-04
,2022-08-05
,2022-08-06
,2022-08-07
,2022-08-08
0.0,2022-08-09
3.0,2022-08-10
2.0,2022-08-11
0.0,2022-08-12
3.0,2022-08-13
6.0,2022-08-14
0.0,2022-08-15
,2022-08-16
,2022-08-17
,2022-08-18
,2022-08-19
,2022-08-20
,2022-08-21
,2022-08-22
,2022-08-23
,2022-08-24
,2022-08-25
,2022-08-26
,2022-08-27
,2022-08-28
1.0,2022-08-29
2.0,2022-08-30
1.0,2022-08-31
1.0,2022-09-01
3.0,2022-09-02
0.0,2022-09-03
1.0,2022-09-04
1.0,2022-09-05
3.0,2022-09-06
1.0,2022-09-07
1.0,2022-09-08
0.0,2022-09-09
2.0,2022-09-10
1.0,2022-09-11
4.0,2022-09-12
1.0,2022-09-13
0.0,2022-09-14
0.0,2022-09-15
1.0,2022-09-16
1.0,2022-09-17
2.0,2022-09-18
1.0,2022-09-19
0.0,2022-09-20
0.0,2022-09-21
2.0,2022-09-22
1.0,2022-09-23
2.0,2022-09-24
0.0,2022-09-25
0.0,2022-09-26
1.0,2022-09-27
0.0,2022-09-28
0.0,2022-09-29
0.0,2022-09-30
0.0,2022-10-01
0.0,2022-10-02
1.0,2022-10-03
0.0,2022-10-04
0.0,2022-10-05
1.0,2022-10-06
2.0,2022-10-07
1.0,2022-10-08
1.0,2022-10-09
0.0,2022-10-10
1.0,2022-10-11
0.0,2022-10-12
0.0,2022-10-13
1.0,2022-10-14
0.0,2022-10-15
1.0,2022-10-16
1.0,2022-10-17
0.0,2022-10-18
2.0,2022-10-19
0.0,2022-10-20
0.0,2022-10-21
0.0,2022-10-22
0.0,2022-10-23
1.0,2022-10-24
0.0,2022-10-25
0.0,2022-10-26
1.0,2022-10-27
1.0,2022-10-28
0.0,2022-10-29
1.0,2022-10-30
1.0,2022-10-31
0.0,2022-11-01
0.0,2022-11-02
1.0,2022-11-03
0.0,2022-11-04
0.0,2022-11-05
0.0,2022-11-06
2.0,2022-11-07
0.0,2022-11-08
0.0,2022-11-09
0.0,2022-11-10
0.0,2022-11-11
1.0,2022-11-12
1.0,2022-11-13
0.0,2022-11-14
0.0,2022-11-15
0.0,2022-11-16
0.0,2022-11-17
0.0,2022-11-18
0.0,2022-11-19
0.0,2022-11-20
1.0,2022-11-21
0.0,2022-11-22
0.0,2022-11-23
0.0,2022-11-24
0.0,2022-11-25
0.0,2022-11-26
0.0,2022-11-27
0.0,2022-11-28
0.0,2022-11-29
0.0,2022-11-30
0.0,2022-12-01
0.0,2022-12-02
0.0,2022-12-03
0.0,2022-12-04
1.0,2022-12-05
0.0,2022-12-06
0.0,2022-12-07
0.0,2022-12-08
0.0,2022-12-09
0.0,2022-12-10
0.0,2022-12-11
0.0,2022-12-12
0.0,2022-12-13
0.0,2022-12-14
0.0,2022-12-15
0.0,2022-12-16
0.0,2022-12-17
1.0,2022-12-18
0.0,2022-12-19
0.0,2022-12-20
1.0,2022-12-21
0.0,2022-12-22
0.0,2022-12-23
1.0,2022-12-24
2.0,2022-12-25
0.0,2022-12-26
1.0,2022-12-27
0.0,2022-12-28
2.0,2022-12-29
1.0,2022-12-30
0.0,2022-12-31
0.0,2023-01-01
1.0,2023-01-02
0.0,2023-01-03
0.0,2023-01-04
0.0,2023-01-05
1.0,2023-01-06
0.0,2023-01-07
0.0,2023-01-08
1.0,2023-01-09
1.0,2023-01-10
0.0,2023-01-11
0.0,2023-01-12
1.0,2023-01-13
1.0,2023-01-14
5.0,2023-01-15
3.0,2023-01-16
1.0,2023-01-17
1.0,2023-01-18
0.0,2023-01-19
1.0,2023-01-20
1.0,2023-01-21
1.0,2023-01-22
0.0,2023-01-23
0.0,2023-01-24
0.0,2023-01-25
0.0,2023-01-26
0.0,2023-01-27
0.0,2023-01-28
0.0,2023-01-29
0.0,2023-01-30
1.0,2023-01-31
1.0,2023-02-01
0.0,2023-02-02
0.0,2023-02-03
1.0,2023-02-04
0.0,2023-02-05
0.0,2023-02-06
0.0,2023-02-07
0.0,2023-02-08
1.0,2023-02-09
0.0,2023-02-10
0.0,2023-02-11
0.0,2023-02-12
1.0,2023-02-13
1.0,2023-02-14
0.0,2023-02-15
0.0,2023-02-16
1.0,2023-02-17
0.0,2023-02-18
0.0,2023-02-19
0.0,2023-02-20
2.0,2023-02-21
1.0,2023-02-22
3.0,2023-02-23
1.0,2023-02-24
1.0,2023-02-25
1.0,2023-02-26
1.0,2023-02-27
0.0,2023-02-28
1.0,2023-03-01
2.0,2023-03-02
1.0,2023-03-03
5.0,2023-03-04
4.0,2023-03-05
0.0,2023-03-06
2.0,2023-03-07
0.0,2023-03-08
0.0,2023-03-09
1.0,2023-03-10
2.0,2023-03-11
3.0,2023-03-12
3.0,2023-03-13
1.0,2023-03-14
3.0,2023-03-15
4.0,2023-03-16
2.0,2023-03-17
2.0,2023-03-18
1.0,2023-03-19
1.0,2023-03-20
5.0,2023-03-21
5.0,2023-03-22
4.0,2023-03-23
6.0,2023-03-24
2.0,2023-03-25
5.0,2023-03-26
1.0,2023-03-27
3.0,2023-03-28
10.0,2023-03-29
4.0,2023-03-30
4.0,2023-03-31
3.0,2023-04-01
2.0,2023-04-02
2.0,2023-04-03
0.0,2023-04-04
1.0,2023-04-05
3.0,2023-04-06
5.0,2023-04-07
2.0,2023-04-08
5.0,2023-04-09
10.0,2023-04-10
8.0,2023-04-11
5.0,2023-04-12
2.0,2023-04-13
2.0,2023-04-14
1.0,2023-04-15
4.0,2023-04-16
5.0,2023-04-17
4.0,2023-04-18
1.0,2023-04-19
20.0,2023-04-20
13.0,2023-04-21
3.0,2023-04-22
7.0,2023-04-23
8.0,2023-04-24
6.0,2023-04-25
6.0,2023-04-26
14.0,2023-04-27
10.0,2023-04-28
18.0,2023-04-29
4.0,2023-04-30
4.0,2023-05-01
8.0,2023-05-02
15.0,2023-05-03
24.0,2023-05-04
33.0,2023-05-05
21.0,2023-05-06
11.0,2023-05-07
7.0,2023-05-08
14.0,2023-05-09
12.0,2023-05-10
7.0,2023-05-11
6.0,2023-05-12
1.0,2023-05-13
2.0,2023-05-14
2.0,2023-05-15
4.0,2023-05-16
10.0,2023-05-17
6.0,2023-05-18
7.0,2023-05-19
7.0,2023-05-20
7.0,2023-05-21
5.0,2023-05-22
1.0,2023-05-23
1.0,2023-05-24
2.0,2023-05-25
3.0,2023-05-26
1.0,2023-05-27
0.0,2023-05-28
0.0,2023-05-29
0.0,2023-05-30
1.0,2023-05-31
1.0,2023-06-01
1.0,2023-06-02
2.0,2023-06-03
3.0,2023-06-04
3.0,2023-06-05
1.0,2023-06-06
1.0,2023-06-07
0.0,2023-06-08
1.0,2023-06-09
2.0,2023-06-10
6.0,2023-06-11
6.0,2023-06-12
5.0,2023-06-13
3.0,2023-06-14
10.0,2023-06-15
11.0,2023-06-16
10.0,2023-06-17
15.0,2023-06-18
1.0,2023-06-19
10.0,2023-06-20
5.0,2023-06-21
3.0,2023-06-22
7.0,2023-06-23
11.0,2023-06-24
16.0,2023-06-25
11.0,2023-06-26
10.0,2023-06-27
11.0,2023-06-28
9.0,2023-06-29
14.0,2023-06-30
14.0,2023-07-01
8.0,2023-07-02
20.0,2023-07-03
31.0,2023-07-04
28.0,2023-07-05
7.0,2023-07-06
8.0,2023-07-07
13.0,2023-07-08
8.0,2023-07-09
5.0,2023-07-10
6.0,2023-07-11
7.0,2023-07-12
10.0,2023-07-13
4.0,2023-07-14
4.0,2023-07-15
3.0,2023-07-16
2.0,2023-07-17
1.0,2023-07-18
3.0,2023-07-19
3.0,2023-07-20
4.0,2023-07-21
2.0,2023-07-22
1.0,2023-07-23
6.0,2023-07-24
3.0,2023-07-25
2.0,2023-07-26
1.0,2023-07-27
4.0,2023-07-28
2.0,2023-07-29
2.0,2023-07-30
3.0,2023-07-31
3.0,2023-08-01
3.0,2023-08-02
2.0,2023-08-03
3.0,2023-08-04
1.0,2023-08-05
1.0,2023-08-06
1.0,2023-08-07
2.0,2023-08-08
2.0,2023-08-09
2.0,2023-08-10
2.0,2023-08-11
1.0,2023-08-12
1.0,2023-08-13
1.0,2023-08-14
0.0,2023-08-15
2.0,2023-08-16
2.0,2023-08-17
,2023-08-18
,2023-08-19
,2023-08-20
,2023-08-21
,2023-08-22
,2023-08-23
1.0,2023-08-24
3.0,2023-08-25
1.0,2023-08-26
1.0,2023-08-27
1.0,2023-08-28
1.0,2023-08-29
0.0,2023-08-30
0.0,2023-08-31
1.0,2023-09-01
1.0,2023-09-02
0.0,2023-09-03
0.0,2023-09-04
1.0,2023-09-05
1.0,2023-09-06
1.0,2023-09-07
1.0,2023-09-08
0.0,2023-09-09
1.0,2023-09-10
0.0,2023-09-11
0.0,2023-09-12
1.0,2023-09-13
1.0,2023-09-14
1.0,2023-09-15
1.0,2023-09-16
0.0,2023-09-17
0.0,2023-09-18
1.0,2023-09-19
1.0,2023-09-20
1.0,2023-09-21
1.0,2023-09-22
1.0,2023-09-23
0.0,2023-09-24
1.0,2023-09-25
2.0,2023-09-26
1.0,2023-09-27
0.0,2023-09-28
1.0,2023-09-29
0.0,2023-09-30
0.0,2023-10-01
0.0,2023-10-02
0.0,2023-10-03
1.0,2023-10-04
0.0,2023-10-05
1.0,2023-10-06
0.0,2023-10-07
0.0,2023-10-08
1.0,2023-10-09
0.0,2023-10-10
0.0,2023-10-11
1.0,2023-10-12
0.0,2023-10-13
0.0,2023-10-14
0.0,2023-10-15
0.0,2023-10-16
1.0,2023-10-17
0.0,2023-10-18
0.0,2023-10-19
0.0,2023-10-20
1.0,2023-10-21
0.0,2023-10-22
0.0,2023-10-23
0.0,2023-10-24
0.0,2023-10-25
0.0,2023-10-26
0.0,2023-10-27
0.0,2023-10-28
0.0,2023-10-29
0.0,2023-10-30
0.0,2023-10-31
0.0,2023-11-01
0.0,2023-11-02
0.0,2023-11-03
0.0,2023-11-04
0.0,2023-11-05
0.0,2023-11-06
0.0,2023-11-07
0.0,2023-11-08
0.0,2023-11-09
0.0,2023-11-10
0.0,2023-11-11
0.0,2023-11-12
0.0,2023-11-13
0.0,2023-11-14
0.0,2023-11-15
0.0,2023-11-16
0.0,2023-11-17
0.0,2023-11-18
0.0,2023-11-19
0.0,2023-11-20
0.0,2023-11-21
1.0,2023-11-22
0.0,2023-11-23
0.0,2023-11-24
0.0,2023-11-25
0.0,2023-11-26
0.0,2023-11-27
0.0,2023-11-28
0.0,2023-11-29
0.0,2023-11-30
0.0,2023-12-01
0.0,2023-12-02
0.0,2023-12-03
0.0,2023-12-04
0.0,2023-12-05
0.0,2023-12-06
0.0,2023-12-07
0.0,2023-12-08
0.0,2023-12-09
0.0,2023-12-10
0.0,2023-12-11
0.0,2023-12-12
0.0,2023-12-13
0.0,2023-12-14
0.0,2023-12-15
0.0,2023-12-16
0.0,2023-12-17
0.0,2023-12-18
0.0,2023-12-19
0.0,2023-12-20
0.0,2023-12-21
0.0,2023-12-22
0.0,2023-12-23
1.0,2023-12-24
0.0,2023-12-25
0.0,2023-12-26
0.0,2023-12-27
0.0,2023-12-28
0.0,2023-12-29
0.0,2023-12-30
0.0,2023-12-31
1.0,2024-01-01
0.0,2024-01-02
0.0,2024-01-03
0.0,2024-01-04
1.0,2024-01-05
1.0,2024-01-06
0.0,2024-01-07
0.0,2024-01-08
0.0,2024-01-09
0.0,2024-01-10
0.0,2024-01-11
0.0,2024-01-12
0.0,2024-01-13
0.0,2024-01-14
0.0,2024-01-15
2.0,2024-01-16
0.0,2024-01-17
0.0,2024-01-18
0.0,2024-01-19
0.0,2024-01-20
2.0,2024-01-21
1.0,2024-01-22
0.0,2024-01-23
0.0,2024-01-24
0.0,2024-01-25
0.0,2024-01-26
0.0,2024-01-27
1.0,2024-01-28
1.0,2024-01-29
0.0,2024-01-30
0.0,2024-01-31
0.0,2024-02-01
1.0,2024-02-02
1.0,2024-02-03
0.0,2024-02-04
0.0,2024-02-05
7.0,2024-02-06
1.0,2024-02-07
0.0,2024-02-08
0.0,2024-02-09
0.0,2024-02-10
0.0,2024-02-11
1.0,2024-02-12
1.0,2024-02-13
0.0,2024-02-14
0.0,2024-02-15
1.0,2024-02-16
0.0,2024-02-17
1.0,2024-02-18
0.0,2024-02-19
2.0,2024-02-20
0.0,2024-02-21
1.0,2024-02-22
0.0,2024-02-23
0.0,2024-02-24
1.0,2024-02-25
2.0,2024-02-26
0.0,2024-02-27
0.0,2024-02-28
1.0,2024-02-29
1.0,2024-03-01
0.0,2024-03-02
1.0,2024-03-03
0.0,2024-03-04
1.0,2024-03-05
1.0,2024-03-06
2.0,2024-03-07
0.0,2024-03-08
0.0,2024-03-09
1.0,2024-03-10
1.0,2024-03-11
1.0,2024-03-12
2.0,2024-03-13
1.0,2024-03-14
4.0,2024-03-15
0.0,2024-03-16
0.0,2024-03-17
2.0,2024-03-18
1.0,2024-03-19
1.0,2024-03-20
0.0,2024-03-21
3.0,2024-03-22
3.0,2024-03-23
2.0,2024-03-24
3.0,2024-03-25
2.0,2024-03-26
2.0,2024-03-27
2.0,2024-03-28
2.0,2024-03-29
2.0,2024-03-30
1.0,2024-03-31
4.0,2024-04-01
5.0,2024-04-02
2.0,2024-04-03
14.0,2024-04-04
10.0,2024-04-05
34.0,2024-04-06
7.0,2024-04-07
7.0,2024-04-08
1.0,2024-04-09
2.0,2024-04-10
2.0,2024-04-11
12.0,2024-04-12
8.0,2024-04-13
9.0,2024-04-14
9.0,2024-04-15
7.0,2024-04-16
7.0,2024-04-17
5.0,2024-04-18
15.0,2024-04-19
18.0,2024-04-20
15.0,2024-04-21
10.0,2024-04-22
2.0,2024-04-23
7.0,2024-04-24
12.0,2024-04-25
,2024-04-26
,2024-04-27
10.0,2024-04-28
6.0,2024-04-29
17.0,2024-04-30
6.0,2024-05-01
12.0,2024-05-02
12.0,2024-05-03
66.0,2024-05-04
68.0,2024-05-05
7.0,2024-05-06
14.0,2024-05-07
7.0,2024-05-08
44.0,2024-05-09
48.0,2024-05-10
0.0,2024-05-11
118.0,2024-05-12
205.0,2024-05-13
25.0,2024-05-14
41.0,2024-05-15
178.0,2024-05-16
110.0,2024-05-17
24.0,2024-05-18
63.0,2024-05-19
29.0,2024-05-20
35.0,2024-05-21
31.0,2024-05-22
32.0,2024-05-23
152.0,2024-05-24
241.0,2024-05-25
146.0,2024-05-26
74.0,2024-05-27
82.0,2024-05-28
70.0,2024-05-29
51.0,2024-05-30
32.0,2024-05-31
55.0,2024-06-01
37.0,2024-06-02
50.0,2024-06-03
34.0,2024-06-04
45.0,2024-06-05
27.0,2024-06-06
,2024-06-07
,2024-06-08
,2024-06-09
,2024-06-10
36.0,2024-06-11
41.0,2024-06-12
46.0,2024-06-13
35.0,2024-06-14
37.0,2024-06-15
23.0,2024-06-16
,2024-06-17
,2024-06-18
,2024-06-19
,2024-06-20
,2024-06-21
,2024-06-22
22.0,2024-06-23
20.0,2024-06-24
11.0,2024-06-25
9.0,2024-06-26
5.0,2024-06-27
6.0,2024-06-28
3.0,2024-06-29
1.0,2024-06-30
14.0,2024-07-01
10.0,2024-07-02
22.0,2024-07-03
19.0,2024-07-04
10.0,2024-07-05
37.0,2024-07-06
9.0,2024-07-07
7.0,2024-07-08
2.0,2024-07-09
4.0,2024-07-10
16.0,2024-07-11
11.0,2024-07-12
6.0,2024-07-13
5.0,2024-07-14
4.0,2024-07-15
6.0,2024-07-16
2.0,2024-07-17
1.0,2024-07-18
2.0,2024-07-19
2.0,2024-07-20
6.0,2024-07-21
1.0,2024-07-22
4.0,2024-07-23
3.0,2024-07-24
4.0,2024-07-25
2.0,2024-07-26
2.0,2024-07-27
2.0,2024-07-28
0.0,2024-07-29
1.0,2024-07-30
0.0,2024-07-31
0.0,2024-08-01
1.0,2024-08-02
1.0,2024-08-03
1.0,2024-08-04
1.0,2024-08-05
4.0,2024-08-06
2.0,2024-08-07
1.0,2024-08-08
1.0,2024-08-09
1.0,2024-08-10
2.0,2024-08-11
2.0,2024-08-12
2.0,2024-08-13
1.0,2024-08-14
0.0,2024-08-15
0.0,2024-08-16
,2024-08-17
,2024-08-18
,2024-08-19
,2024-08-20
,2024-08-21
,2024-08-22
0.0,2024-08-23
0.0,2024-08-24
0.0,2024-08-25
1.0,2024-08-26
,2024-08-27
,2024-08-28
,2024-08-29
,2024-08-30
,2024-08-31
,2024-09-01
,2024-09-02
,2024-09-03
0.0,2024-09-04
1.0,2024-09-05
1.0,2024-09-06
1.0,2024-09-07
1.0,2024-09-08
0.0,2024-09-09
1.0,2024-09-10
2.0,2024-09-11
1.0,2024-09-12
2.0,2024-09-13
1.0,2024-09-14
1.0,2024-09-15
2.0,2024-09-16
2.0,2024-09-17
2.0,2024-09-18
1.0,2024-09-19
0.0,2024-09-20
0.0,2024-09-21
1.0,2024-09-22
1.0,2024-09-23
1.0,2024-09-24
0.0,2024-09-25
2.0,2024-09-26
0.0,2024-09-27
0.0,2024-09-28
0.0,2024-09-29
0.0,2024-09-30
1.0,2024-10-01
2.0,2024-10-02
0.0,2024-10-03
1.0,2024-10-04
1.0,2024-10-05
1.0,2024-10-06
1.0,2024-10-07
0.0,2024-10-08
2.0,2024-10-09
0.0,2024-10-10
1.0,2024-10-11
0.0,2024-10-12
1.0,2024-10-13
1.0,2024-10-14
0.0,2024-10-15
1.0,2024-10-16
1.0,2024-10-17
1.0,2024-10-18
0.0,2024-10-19
1.0,2024-10-20
0.0,2024-10-21
1.0,2024-10-22
0.0,2024-10-23
0.0,2024-10-24
1.0,2024-10-25
0.0,2024-10-26
1.0,2024-10-27
0.0,2024-10-28
1.0,2024-10-29
0.0,2024-10-30
0.0,2024-10-31
0.0,2024-11-01
0.0,2024-11-02
0.0,2024-11-03
0.0,2024-11-04
1.0,2024-11-05
0.0,2024-11-06
0.0,2024-11-07
0.0,2024-11-08
0.0,2024-11-09
0.0,2024-11-10
0.0,2024-11-11
1.0,2024-11-12
1.0,2024-11-13
0.0,2024-11-14
0.0,2024-11-15
1.0,2024-11-16
0.0,2024-11-17
0.0,2024-11-18
0.0,2024-11-19
0.0,2024-11-20
0.0,2024-11-21
0.0,2024-11-22
0.0,2024-11-23
0.0,2024-11-24
0.0,2024-11-25
0.0,2024-11-26
1.0,2024-11-27
1.0,2024-11-28
1.0,2024-11-29
1.0,2024-11-30
0.0,2024-12-01
0.0,2024-12-02
1.0,2024-12-03
0.0,2024-12-04
1.0,2024-12-05
0.0,2024-12-06
1.0,2024-12-07
0.0,2024-12-08
1.0,2024-12-09
1.0,2024-12-10
0.0,2024-12-11
0.0,2024-12-12
0.0,2024-12-13
1.0,2024-12-14
0.0,2024-12-15
0.0,2024-12-16
0.0,2024-12-17
0.0,2024-12-18
0.0,2024-12-19
0.0,2024-12-20
0.0,2024-12-21
3.0,2024-12-22
0.0,2024-12-23
1.0,2024-12-24
0.0,2024-12-25
0.0,2024-12-26
0.0,2024-12-27
0.0,2024-12-28
0.0,2024-12-29
,2024-12-30
,2024-12-31
1.0,2025-01-01
1.0,2025-01-02
2.0,2025-01-03
1.0,2025-01-04
1.0,2025-01-05
0.0,2025-01-06
0.0,2025-01-07
1.0,2025-01-08
0.0,2025-01-09
2.0,2025-01-10
2.0,2025-01-11
0.0,2025-01-12
0.0,2025-01-13
1.0,2025-01-14
1.0,2025-01-15
0.0,2025-01-16
0.0,2025-01-17
1.0,2025-01-18
1.0,2025-01-19
1.0,2025-01-20
0.0,2025-01-21
0.0,2025-01-22
2.0,2025-01-23
5.0,2025-01-24
3.0,2025-01-25
0.0,2025-01-26
1.0,2025-01-27
1.0,2025-01-28
0.0,2025-01-29
0.0,2025-01-30
3.0,2025-01-31
2.0,2025-02-01
6.0,2025-02-02
0.0,2025-02-03
0.0,2025-02-04
3.0,2025-02-05
1.0,2025-02-06
2.0,2025-02-07
2.0,2025-02-08
0.0,2025-02-09
2.0,2025-02-10
1.0,2025-02-11
2.0,2025-02-12
5.0,2025-02-13
3.0,2025-02-14
4.0,2025-02-15
6.0,2025-02-16
6.0,2025-02-17
5.0,2025-02-18
4.0,2025-02-19
2.0,2025-02-20
1.0,2025-02-21
2.0,2025-02-22
3.0,2025-02-23
4.0,2025-02-24
5.0,2025-02-25
2.0,2025-02-26
4.0,2025-02-27
1.0,2025-02-28
0.0,2025-03-01
0.0,2025-03-02
,2025-03-03
,2025-03-04
,2025-03-05
0.0,2025-03-06
0.0,2025-03-07
0.0,2025-03-08
0.0,2025-03-09
1.0,2025-03-10
1.0,2025-03-11
1.0,2025-03-12
1.0,2025-03-13
0.0,2025-03-14
1.0,2025-03-15
2.0,2025-03-16
2.0,2025-03-17
0.0,2025-03-18
3.0,2025-03-19
1.0,2025-03-20
0.0,2025-03-21
0.0,2025-03-22
1.0,2025-03-23
3.0,2025-03-24
4.0,2025-03-25
3.0,2025-03-26
8.0,2025-03-27
7.0,2025-03-28
2.0,2025-03-29
5.0,2025-03-30
5.0,2025-03-31
10.0,2025-04-01
6.0,2025-04-02
1.0,2025-04-03
3.0,2025-04-04
7.0,2025-04-05
13.0,2025-04-06
5.0,2025-04-07
19.0,2025-04-08
13.0,2025-04-09
14.0,2025-04-10
7.0,2025-04-11
2.0,2025-04-12
5.0,2025-04-13
19.0,2025-04-14
5.0,2025-04-15
2.0,2025-04-16
15.0,2025-04-17
5.0,2025-04-18
6.0,2025-04-19
6.0,2025-04-20
13.0,2025-04-21
5.0,2025-04-22
14.0,2025-04-23
8.0,2025-04-24
15.0,2025-04-25
9.0,2025-04-26
10.0,2025-04-27
,2025-04-28
16.0,2025-04-29
15.0,2025-04-30
12.0,2025-05-01
6.0,2025-05-02
12.0,2025-05-03
7.0,2025-05-04
2.0,2025-05-05
10.0,2025-05-06
18.0,2025-05-07
30.0,2025-05-08
58.0,2025-05-09
68.0,2025-05-10
11.0,2025-05-11
65.0,2025-05-12
105.0,2025-05-13
50.0,2025-05-14
5.0,2025-05-15
43.0,2025-05-16
94.0,2025-05-17
186.0,2025-05-18
299.0,2025-05-19
34.0,2025-05-20
75.0,2025-05-21
120.0,2025-05-22
85.0,2025-05-23
67.0,2025-05-24
119.0,2025-05-25
215.0,2025-05-26
231.0,2025-05-27
339.0,2025-05-28
230.0,2025-05-29
257.0,2025-05-30
156.0,2025-05-31
132.0,2025-06-01
347.0,2025-06-02
321.0,2025-06-03
118.0,2025-06-04
88.0,2025-06-05
184.0,2025-06-06
196.0,2025-06-07
131.0,2025-06-08
93.0,2025-06-09
23.0,2025-06-10
48.0,2025-06-11
88.0,2025-06-12
39.0,2025-06-13
61.0,2025-06-14
43.0,2025-06-15
21.0,2025-06-16
33.0,2025-06-17
17.0,2025-06-18
74.0,2025-06-19
16.0,2025-06-20
17.0,2025-06-21
9.0,2025-06-22
8.0,2025-06-23
17.0,2025-06-24
7.0,2025-06-25
14.0,2025-06-26
5.0,2025-06-27
13.0,2025-06-28
24.0,2025-06-29
24.0,2025-06-30
6.0,2025-07-01
6.0,2025-07-02
6.0,2025-07-03
4.0,2025-07-04
6.0,2025-07-05
6.0,2025-07-06
10.0,2025-07-07
7.0,2025-07-08
6.0,2025-07-09
10.0,2025-07-10
11.0,2025-07-11
3.0,2025-07-12
6.0,2025-07-13
7.0,2025-07-14
6.0,2025-07-15
0.0,2025-07-16
5.0,2025-07-17
8.0,2025-07-18
6.0,2025-07-19
3.0,2025-07-20
1.0,2025-07-21
3.0,2025-07-22
4.0,2025-07-23
3.0,2025-07-24
3.0,2025-07-25
3.0,2025-07-26
2.0,2025-07-27
2.0,2025-07-28
1.0,2025-07-29
0.0,2025-07-30
1.0,2025-07-31
1.0,2025-08-01
1.0,2025-08-02
1.0,2025-08-03
1.0,2025-08-04
0.0,2025-08-05
0.0,2025-08-06
2.0,2025-08-07
0.0,2025-08-08
0.0,2025-08-09
1.0,2025-08-10
1.0,2025-08-11
1.0,2025-08-12
1.0,2025-08-13
1.0,2025-08-14
3.0,2025-08-15
1.0,2025-08-16
1.0,2025-08-17
1.0,2025-08-18
1.0,2025-08-19
0.0,2025-08-20
,2025-08-21
,2025-08-22
,2025-08-23
,2025-08-24
,2025-08-25
1.0,2025-08-26
2.0,2025-08-27
1.0,2025-08-28
0.0,2025-08-29
1.0,2025-08-30
1.0,2025-08-31
0.0,2025-09-01
0.0,2025-09-02
1.0,2025-09-03
1.0,2025-09-04
1.0,2025-09-05
1.0,2025-09-06
3.0,2025-09-07
0.0,2025-09-08
1.0,2025-09-09
1.0,2025-09-10
0.0,2025-09-11
1.0,2025-09-12
0.0,2025-09-13
1.0,2025-09-14
1.0,2025-09-15
1.0,2025-09-16
1.0,2025-09-17
0.0,2025-09-18
1.0,2025-09-19
0.0,2025-09-20
0.0,2025-09-21
2.0,2025-09-22
1.0,2025-09-23
1.0,2025-09-24
1.0,2025-09-25
2.0,2025-09-26
1.0,2025-09-27
1.0,2025-09-28
0.0,2025-09-29
0.0,2025-09-30
0.0,2025-10-01
1.0,2025-10-02
1.0,2025-10-03
1.0,2025-10-04
0.0,2025-10-05
1.0,2025-10-06
1.0,2025-10-07
1.0,2025-10-08
2.0,2025-10-09
0.0,2025-10-10
0.0,2025-10-11
1.0,2025-10-12
2.0,2025-10-13
1.0,2025-10-14
0.0,2025-10-15
1.0,2025-10-16
1.0,2025-10-17
1.0,2025-10-18
1.0,2025-10-19
2.0,2025-10-20
0.0,2025-10-21
1.0,2025-10-22
3.0,2025-10-23
1.0,2025-10-24
0.0,2025-10-25
0.0,2025-10-26
0.0,2025-10-27
1.0,2025-10-28
0.0,2025-10-29
0.0,2025-10-30
0.0,2025-10-31
1.0,2025-11-01
0.0,2025-11-02
0.0,2025-11-03
0.0,2025-11-04
0.0,2025-11-05
0.0,2025-11-06
1.0,2025-11-07
0.0,2025-11-08
0.0,2025-11-09
0.0,2025-11-10
1.0,2025-11-11
0.0,2025-11-12
0.0,2025-11-13
0.0,2025-11-14
0.0,2025-11-15
0.0,2025-11-16
0.0,2025-11-17
0.0,2025-11-18
0.0,2025-11-19
1.0,2025-11-20
1.0,2025-11-21
0.0,2025-11-22
0.0,2025-11-23
1.0,2025-11-24
0.0,2025-11-25
0.0,2025-11-26
0.0,2025-11-27
0.0,2025-11-28
0.0,2025-11-29
0.0,2025-11-30
0.0,2025-12-01
0.0,2025-12-02
0.0,2025-12-03
0.0,2025-12-04
0.0,2025-12-05
0.0,2025-12-06
0.0,2025-12-07
0.0,2025-12-08
0.0,2025-12-09
1.0,2025-12-10
0.0,2025-12-11
0.0,2025-12-12
0.0,2025-12-13
0.0,2025-12-14
0.0,2025-12-15
0.0,2025-12-16
0.0,2025-12-17
0.0,2025-12-18
0.0,2025-12-19
0.0,2025-12-20
0.0,2025-12-21
0.0,2025-12-22
0.0,2025-12-23
0.0,2025-12-24
0.0,2025-12-25
0.0,2025-12-26
1.0,2025-12-27
0.0,2025-12-28
0.0,2025-12-29
0.0,2025-12-30
0.0,2025-12-31
